time,ts_ms,side,qty,price,fee,notional,reason
2019-04-10T20:00:00Z,1554926400000,BUY,0.07904840,5368.19,0.6365,424.35,vdo_trend_accel
2019-04-14T12:00:00Z,1555243200000,BUY,0.30984986,5052.03,2.3481,1565.37,vdo_trend
2019-04-15T00:00:00Z,1555286400000,BUY,0.16344680,5136.41,1.2593,839.53,vdo_trend_accel
2019-04-17T12:00:00Z,1555502400000,BUY,0.07507974,5222.78,0.5882,392.12,vdo_trend_accel
2019-04-18T20:00:00Z,1555617600000,BUY,0.04755088,5267.99,0.3757,250.50,vdo_trend
2019-04-19T20:00:00Z,1555704000000,BUY,0.04975282,5275.91,0.3937,262.49,vdo_trend_accel
2019-04-20T08:00:00Z,1555747200000,BUY,0.04801007,5310.40,0.3824,254.95,vdo_trend_accel
2019-04-22T20:00:00Z,1555963200000,BUY,0.04364248,5360.05,0.3509,233.93,vdo_trend_accel
2019-04-28T04:00:00Z,1556424000000,SELL,0.81638106,5301.26,6.4918,4327.85,trailing_stop
2019-04-29T00:00:00Z,1556496000000,BUY,0.15057483,5315.12,1.2005,800.32,vdo_trend_accel
2019-04-30T04:00:00Z,1556596800000,BUY,0.22452860,5222.82,1.7590,1172.67,vdo_dip_buy
2019-04-30T16:00:00Z,1556640000000,BUY,0.28425504,5318.31,2.2676,1511.76,vdo_trend_accel
2019-05-01T04:00:00Z,1556683200000,BUY,0.18097972,5354.27,1.4535,969.01,vdo_trend_accel
2019-05-01T16:00:00Z,1556726400000,BUY,0.04742418,5360.70,0.3813,254.23,vdo_trend_accel
2019-05-02T04:00:00Z,1556769600000,BUY,0.66001907,5392.90,5.3391,3559.42,vdo_trend_accel
2019-05-02T16:00:00Z,1556812800000,BUY,0.10424592,5529.52,0.8646,576.43,vdo_trend_accel
2019-05-04T04:00:00Z,1556942400000,BUY,0.03106451,5847.34,0.2725,181.64,vdo_trend_accel
2019-05-07T04:00:00Z,1557201600000,BUY,0.08495476,5961.87,0.7597,506.49,vdo_trend_accel
2019-05-12T16:00:00Z,1557676800000,SELL,1.76804663,6835.66,18.1286,12085.76,trailing_stop
2019-05-13T16:00:00Z,1557763200000,BUY,0.09521827,7776.88,1.1108,740.50,vdo_trend_accel
2019-05-17T08:00:00Z,1558080000000,BUY,0.15735476,7307.17,1.7247,1149.82,vdo_dip_buy
2019-05-17T12:00:00Z,1558094400000,SELL,0.25257303,7147.03,2.7077,1805.15,trailing_stop
2019-05-19T04:00:00Z,1558238400000,BUY,0.49434799,7911.91,5.8669,3911.23,vdo_trend_accel
2019-05-19T16:00:00Z,1558281600000,BUY,0.54388477,7969.15,6.5015,4334.30,vdo_trend_accel
2019-05-20T12:00:00Z,1558353600000,BUY,0.15283462,7840.33,1.7974,1198.27,vdo_trend
2019-05-21T00:00:00Z,1558396800000,BUY,0.07362715,7945.10,0.8775,584.97,vdo_trend
2019-05-25T08:00:00Z,1558771200000,BUY,0.09882970,7966.58,1.1810,787.33,vdo_trend
2019-05-26T20:00:00Z,1558900800000,BUY,0.04933881,8488.48,0.6282,418.81,vdo_trend_accel
2019-06-04T00:00:00Z,1559606400000,SELL,1.41286304,8107.55,17.1823,11454.85,trailing_stop
2019-06-06T04:00:00Z,1559793600000,BUY,0.56647875,7859.71,6.6785,4452.36,vdo_trend_accel
2019-06-07T00:00:00Z,1559865600000,BUY,0.31060709,7795.36,3.6319,2421.29,vdo_trend_accel
2019-06-08T12:00:00Z,1559995200000,BUY,0.19015381,7989.31,2.2788,1519.20,vdo_trend
2019-06-09T08:00:00Z,1560067200000,BUY,0.21019638,7906.82,2.4930,1661.99,vdo_trend
2019-06-10T16:00:00Z,1560182400000,BUY,0.09775922,7922.37,1.1617,774.48,vdo_trend_accel
2019-06-11T04:00:00Z,1560225600000,BUY,0.11448860,7940.29,1.3636,909.07,vdo_trend_accel
2019-06-12T04:00:00Z,1560312000000,BUY,0.03509165,7967.24,0.4194,279.58,vdo_trend_accel
2019-06-12T20:00:00Z,1560369600000,BUY,0.03330046,8126.66,0.4059,270.62,vdo_trend_accel
2019-06-23T20:00:00Z,1561320000000,SELL,0.77903825,11047.43,12.9096,8606.37,mr_defensive_exit
2019-06-27T12:00:00Z,1561636800000,SELL,0.77903770,12243.33,14.3070,9538.01,trailing_stop
2019-07-03T04:00:00Z,1562126400000,BUY,0.10387614,11300.75,1.7608,1173.88,vdo_trend_accel
2019-07-04T00:00:00Z,1562198400000,SELL,0.05193807,11928.06,0.9293,619.52,mr_defensive_exit
2019-07-05T08:00:00Z,1562313600000,SELL,0.05193807,10974.24,0.8550,569.98,trailing_stop
2019-07-06T04:00:00Z,1562385600000,BUY,0.11181995,11457.26,1.9217,1281.15,vdo_trend_accel
2019-07-07T20:00:00Z,1562529600000,BUY,0.56524097,11485.66,9.7382,6492.16,vdo_trend_accel
2019-07-08T08:00:00Z,1562572800000,BUY,0.26860743,11431.94,4.6061,3070.70,vdo_trend_accel
2019-07-09T04:00:00Z,1562644800000,SELL,0.47283403,12642.87,8.9670,5977.98,mr_defensive_exit
2019-07-11T04:00:00Z,1562817600000,SELL,0.47283432,11689.47,8.2908,5527.18,trailing_stop
2019-07-18T08:00:00Z,1563436800000,BUY,0.15737697,9798.40,2.3131,1542.04,vdo_trend_accel
2019-07-18T20:00:00Z,1563480000000,BUY,0.10142916,10503.04,1.5980,1065.31,vdo_trend_accel
2019-07-19T08:00:00Z,1563523200000,BUY,0.08915825,10609.92,1.4189,945.96,vdo_trend_accel
2019-07-19T20:00:00Z,1563566400000,BUY,0.03568837,10402.35,0.5569,371.24,vdo_trend
2019-07-20T08:00:00Z,1563609600000,BUY,0.30178639,10569.50,4.7846,3189.73,vdo_trend
2019-07-20T20:00:00Z,1563652800000,BUY,0.14311585,10909.56,2.3420,1561.33,vdo_trend_accel
2019-07-22T00:00:00Z,1563753600000,BUY,0.22940592,10600.74,3.6478,2431.87,vdo_trend_accel
2019-07-23T16:00:00Z,1563897600000,SELL,1.05796091,9920.66,15.7435,10495.67,trailing_stop
2019-07-25T04:00:00Z,1564027200000,BUY,0.42043177,10100.21,6.3697,4246.45,vdo_trend_accel
2019-07-27T08:00:00Z,1564214400000,BUY,0.34183131,10067.38,5.1620,3441.35,vdo_trend_accel
2019-07-28T20:00:00Z,1564344000000,BUY,0.57821058,9565.25,8.2961,5530.73,vdo_trend_accel
2019-07-29T08:00:00Z,1564387200000,BUY,0.31853544,9634.42,4.6034,3068.90,vdo_trend_accel
2019-08-04T16:00:00Z,1564934400000,BUY,0.05900344,10955.17,0.9696,646.39,vdo_trend_accel
2019-08-05T04:00:00Z,1564977600000,BUY,0.03014433,11576.44,0.5234,348.96,vdo_trend_accel
2019-08-11T00:00:00Z,1565481600000,SELL,1.74815688,11297.93,29.6258,19750.56,trailing_stop
2019-08-16T16:00:00Z,1565971200000,BUY,0.70499177,10399.38,10.9972,7331.48,vdo_trend_accel
2019-08-17T04:00:00Z,1566014400000,BUY,0.70896607,10295.62,10.9489,7299.24,vdo_trend
2019-08-17T16:00:00Z,1566057600000,BUY,0.43503505,10322.60,6.7360,4490.69,vdo_trend_accel
2019-08-18T04:00:00Z,1566100800000,BUY,0.07438353,10123.09,1.1295,752.99,vdo_trend
2019-08-21T16:00:00Z,1566403200000,SELL,1.92337642,9976.79,28.7837,19189.11,emergency_dd
2019-08-23T16:00:00Z,1566576000000,BUY,0.67936029,10408.11,10.6063,7070.86,vdo_trend_accel
2019-08-25T00:00:00Z,1566691200000,BUY,0.35332259,10144.75,5.3766,3584.37,vdo_trend
2019-08-25T12:00:00Z,1566734400000,BUY,0.32598281,10125.12,4.9509,3300.61,vdo_trend_accel
2019-08-26T04:00:00Z,1566792000000,BUY,0.18119695,10287.10,2.7960,1863.99,vdo_trend_accel
2019-08-28T16:00:00Z,1567008000000,BUY,0.12425366,10249.97,1.9104,1273.60,vdo_trend_accel
2019-08-28T20:00:00Z,1567022400000,SELL,1.66411631,9675.55,24.1519,16101.24,emergency_dd
2019-08-31T00:00:00Z,1567209600000,BUY,0.69907805,9592.35,10.0587,6705.80,vdo_trend_accel
2019-09-01T04:00:00Z,1567310400000,BUY,0.68448790,9632.65,9.8901,6593.43,vdo_trend_accel
2019-09-01T16:00:00Z,1567353600000,BUY,0.17788025,9610.98,2.5644,1709.60,vdo_trend_accel
2019-09-02T04:00:00Z,1567396800000,BUY,0.42073292,9751.50,6.1542,4102.78,vdo_trend_accel
2019-09-09T04:00:00Z,1568001600000,SELL,1.98217912,10289.92,30.5947,20396.47,trailing_stop
2019-09-12T00:00:00Z,1568246400000,BUY,0.70166665,10168.91,10.7028,7135.19,vdo_trend_accel
2019-09-12T12:00:00Z,1568289600000,BUY,0.70061874,10179.62,10.6981,7132.03,vdo_trend_accel
2019-09-13T00:00:00Z,1568332800000,BUY,0.54769040,10425.43,8.5649,5709.91,vdo_trend_accel
2019-09-19T04:00:00Z,1568865600000,SELL,1.94997578,9812.88,28.7023,19134.88,emergency_dd
2019-09-20T00:00:00Z,1568937600000,BUY,0.66506588,10253.95,10.2293,6819.55,vdo_trend_accel
2019-09-23T00:00:00Z,1569196800000,BUY,0.55592725,10038.08,8.3707,5580.44,vdo_trend_accel
2019-09-24T00:00:00Z,1569283200000,SELL,1.22099312,9692.50,17.7517,11834.48,emergency_dd
2019-09-26T00:00:00Z,1569456000000,BUY,0.40607114,8438.48,5.1399,3426.62,vdo_dip_buy
2019-09-26T12:00:00Z,1569499200000,BUY,0.78613869,8394.78,9.8992,6599.46,vdo_dip_buy
2019-09-27T12:00:00Z,1569585600000,BUY,0.50758326,7996.17,6.0881,4058.72,vdo_dip_buy
2019-09-28T00:00:00Z,1569628800000,BUY,0.51185672,8185.65,6.2848,4189.88,vdo_trend_accel
2019-11-03T08:00:00Z,1572768000000,SELL,2.21164980,9230.36,30.6215,20414.33,trailing_stop
2019-11-05T00:00:00Z,1572912000000,BUY,0.78048690,9401.79,11.0070,7337.98,vdo_trend_accel
2019-11-14T12:00:00Z,1573732800000,SELL,0.78048690,8627.49,10.1005,6733.64,emergency_dd
2019-11-17T04:00:00Z,1573963200000,BUY,0.83844977,8490.49,10.6783,7118.85,vdo_trend_accel
2019-11-21T16:00:00Z,1574352000000,SELL,0.83844977,7623.80,9.5883,6392.17,emergency_dd
2020-01-17T08:00:00Z,1579248000000,BUY,0.10836149,8944.48,1.4539,969.24,vdo_trend_accel
2020-01-19T04:00:00Z,1579406400000,BUY,0.07048437,9166.90,0.9692,646.12,vdo_trend_accel
2020-01-22T04:00:00Z,1579665600000,BUY,0.17273076,8723.72,2.2603,1506.85,vdo_trend_accel
2020-01-23T00:00:00Z,1579737600000,BUY,0.17516373,8691.45,2.2836,1522.43,vdo_trend_accel
2020-01-24T20:00:00Z,1579896000000,BUY,0.09010768,8507.00,1.1498,766.55,vdo_trend_accel
2020-01-25T20:00:00Z,1579982400000,BUY,0.13678432,8370.61,1.7175,1144.97,vdo_trend
2020-01-26T08:00:00Z,1580025600000,BUY,0.08477542,8393.24,1.0673,711.54,vdo_trend_accel
2020-01-26T20:00:00Z,1580068800000,BUY,0.04384958,8575.56,0.5641,376.03,vdo_trend_accel
2020-01-28T00:00:00Z,1580169600000,BUY,0.02295830,8916.48,0.3071,204.71,vdo_trend_accel
2020-02-05T12:00:00Z,1580904000000,BUY,0.61325262,9428.59,8.6732,5782.11,vdo_trend_accel
2020-02-06T00:00:00Z,1580947200000,BUY,0.27147628,9621.64,3.9181,2612.05,vdo_trend_accel
2020-02-08T16:00:00Z,1581177600000,BUY,0.12460991,9839.33,1.8391,1226.08,vdo_trend_accel
2020-02-09T04:00:00Z,1581220800000,BUY,0.07746622,10062.72,1.1693,779.52,vdo_trend_accel
2020-02-10T00:00:00Z,1581292800000,BUY,0.02247549,10161.87,0.3426,228.39,vdo_trend_accel
2020-02-16T20:00:00Z,1581883200000,SELL,2.01449618,9736.17,29.4202,19613.47,trailing_stop
2020-02-18T16:00:00Z,1582041600000,BUY,0.61605195,9840.52,9.0934,6062.27,vdo_trend_accel
2020-02-19T04:00:00Z,1582084800000,BUY,0.42121441,10160.63,6.4197,4279.81,vdo_trend_accel
2020-02-21T12:00:00Z,1582286400000,BUY,0.47634024,9704.26,6.9338,4622.53,vdo_trend_accel
2020-02-22T00:00:00Z,1582329600000,BUY,0.28486166,9686.73,4.1391,2759.38,vdo_trend_accel
2020-02-22T20:00:00Z,1582401600000,BUY,0.29936626,9677.58,4.3457,2897.14,vdo_trend_accel
2020-02-26T08:00:00Z,1582704000000,SELL,2.09783452,9138.93,28.7580,19171.97,emergency_dd
2020-02-29T00:00:00Z,1582934400000,BUY,0.72980758,8699.49,9.5234,6348.96,vdo_trend_accel
2020-02-29T12:00:00Z,1582977600000,BUY,0.76994310,8705.65,10.0543,6702.85,vdo_trend
2020-03-01T00:00:00Z,1583020800000,BUY,0.29250090,8532.14,3.7435,2495.66,vdo_dip_buy
2020-03-02T04:00:00Z,1583121600000,BUY,0.14614481,8610.59,1.8876,1258.39,vdo_trend_accel
2020-03-02T20:00:00Z,1583179200000,BUY,0.09817061,8891.77,1.3094,872.91,vdo_trend_accel
2020-03-05T04:00:00Z,1583380800000,BUY,0.06336958,8878.55,0.8439,562.63,vdo_trend_accel
2020-03-08T16:00:00Z,1583683200000,SELL,2.09993659,8392.45,26.4354,17623.62,trailing_stop
2020-03-11T04:00:00Z,1583899200000,BUY,0.81590531,7931.73,9.7073,6471.54,vdo_trend_accel
2020-03-12T00:00:00Z,1583971200000,BUY,0.53177308,7942.52,6.3354,4223.62,vdo_trend_accel
2020-03-12T08:00:00Z,1584000000000,SELL,1.34767839,7384.73,14.9284,9952.24,emergency_dd
2020-05-01T08:00:00Z,1588320000000,BUY,0.11429976,8775.95,1.5046,1003.09,vdo_trend
2020-05-08T00:00:00Z,1588896000000,BUY,0.05708598,9996.29,0.8560,570.65,vdo_trend_accel
2020-05-10T04:00:00Z,1589083200000,SELL,0.17138573,8614.11,2.2145,1476.34,trailing_stop
2020-05-17T16:00:00Z,1589731200000,BUY,0.52469782,9832.47,7.7386,5159.07,vdo_trend_accel
2020-05-18T04:00:00Z,1589774400000,BUY,0.62481161,9870.37,9.2507,6167.12,vdo_trend_accel
2020-05-23T04:00:00Z,1590206400000,BUY,0.20058808,9295.40,2.7968,1864.55,vdo_trend_accel
2020-05-23T16:00:00Z,1590249600000,BUY,0.15540665,9207.98,2.1465,1430.98,vdo_trend
2020-05-25T00:00:00Z,1590364800000,SELL,1.50550416,8709.42,19.6681,13112.07,emergency_dd
2020-05-26T08:00:00Z,1590480000000,BUY,0.62696083,8965.79,8.4318,5621.20,vdo_trend_accel
2020-05-27T00:00:00Z,1590537600000,BUY,0.45514784,8849.84,6.0420,4027.99,vdo_trend_accel
2020-05-28T00:00:00Z,1590624000000,BUY,0.24395994,9213.28,3.3715,2247.67,vdo_trend_accel
2020-05-28T12:00:00Z,1590667200000,BUY,0.17410583,9276.49,2.4226,1615.09,vdo_trend_accel
2020-05-29T00:00:00Z,1590710400000,BUY,0.07644742,9585.45,1.0992,732.78,vdo_trend_accel
2020-05-30T12:00:00Z,1590840000000,BUY,0.11040532,9564.07,1.5839,1055.92,vdo_trend_accel
2020-06-06T00:00:00Z,1591401600000,SELL,1.68702718,9611.55,24.3224,16214.95,trailing_stop
2020-06-07T20:00:00Z,1591560000000,BUY,0.60549669,9785.29,8.8874,5924.96,vdo_trend_accel
2020-06-14T00:00:00Z,1592092800000,BUY,0.33981769,9482.82,4.8336,3222.43,vdo_trend_accel
2020-06-14T12:00:00Z,1592136000000,BUY,0.45967183,9436.04,6.5062,4337.48,vdo_trend_accel
2020-06-15T04:00:00Z,1592193600000,SELL,1.40498621,9154.93,19.2938,12862.55,emergency_dd
2020-06-16T00:00:00Z,1592265600000,BUY,0.60336982,9435.48,8.5396,5693.08,vdo_trend_accel
2020-06-16T12:00:00Z,1592308800000,BUY,0.42867170,9518.68,6.1206,4080.39,vdo_trend_accel
2020-06-21T00:00:00Z,1592697600000,BUY,0.40705822,9368.31,5.7202,3813.45,vdo_trend_accel
2020-06-21T12:00:00Z,1592740800000,BUY,0.13160315,9367.86,1.8493,1232.84,vdo_trend
2020-06-22T16:00:00Z,1592841600000,BUY,0.05541539,9501.74,0.7898,526.54,vdo_trend_accel
2020-06-23T04:00:00Z,1592884800000,BUY,0.02330370,9667.53,0.3379,225.29,vdo_trend_accel
2020-06-25T04:00:00Z,1593057600000,SELL,1.64942199,9091.03,22.4924,14994.95,emergency_dd
2020-06-29T20:00:00Z,1593460800000,BUY,0.59723318,9167.26,8.2125,5474.99,vdo_trend_accel
2020-06-30T08:00:00Z,1593504000000,BUY,0.33946781,9153.49,4.6610,3107.31,vdo_trend
2020-07-01T16:00:00Z,1593619200000,BUY,0.16573602,9273.10,2.3053,1536.89,vdo_trend_accel
2020-07-04T20:00:00Z,1593892800000,BUY,0.35310224,9138.44,4.8402,3226.80,vdo_trend_accel
2020-07-06T16:00:00Z,1594051200000,BUY,0.06517537,9314.33,0.9106,607.06,vdo_trend_accel
2020-07-07T04:00:00Z,1594094400000,BUY,0.08336942,9304.88,1.1636,775.74,vdo_trend_accel
2020-07-18T12:00:00Z,1595073600000,BUY,0.06043559,9169.07,0.8312,554.14,vdo_trend_accel
2020-08-02T12:00:00Z,1596369600000,SELL,1.66451962,11094.44,27.7004,18466.91,trailing_stop
2020-08-10T04:00:00Z,1597032000000,BUY,0.54675428,12021.41,9.8591,6572.76,vdo_trend_accel
2020-08-14T00:00:00Z,1597363200000,BUY,0.53788410,11791.55,9.5137,6342.49,vdo_trend_accel
2020-08-14T12:00:00Z,1597406400000,BUY,0.19560508,11772.57,3.4542,2302.78,vdo_trend_accel
2020-08-15T04:00:00Z,1597464000000,BUY,0.14363595,11900.56,2.5640,1709.35,vdo_trend_accel
2020-08-17T16:00:00Z,1597680000000,BUY,0.02499479,12434.26,0.4662,310.79,vdo_trend_accel
2020-08-22T00:00:00Z,1598054400000,SELL,1.44887420,11519.70,25.0359,16690.60,emergency_dd
2020-08-23T00:00:00Z,1598140800000,BUY,0.49137670,11675.18,8.6054,5736.91,vdo_trend_accel
2020-08-24T08:00:00Z,1598256000000,BUY,0.30966030,11770.33,5.4672,3644.80,vdo_trend_accel
2020-08-25T00:00:00Z,1598313600000,BUY,0.20740315,11759.94,3.6586,2439.05,vdo_trend
2020-08-25T12:00:00Z,1598356800000,BUY,0.15278251,11626.06,2.6644,1776.26,vdo_trend
2020-08-30T12:00:00Z,1598788800000,BUY,0.13516575,11614.70,2.3549,1569.91,vdo_trend_accel
2020-08-31T00:00:00Z,1598832000000,BUY,0.13806861,11722.88,2.4278,1618.56,vdo_trend_accel
2020-08-31T12:00:00Z,1598875200000,BUY,0.04661047,11692.40,0.8175,544.99,vdo_trend
2020-09-03T16:00:00Z,1599148800000,SELL,1.48106749,10659.61,23.6814,15787.61,emergency_dd
2020-09-06T08:00:00Z,1599379200000,BUY,0.56687519,10240.59,8.7077,5805.14,vdo_trend_accel
2020-09-06T20:00:00Z,1599422400000,BUY,0.56537660,10268.56,8.7084,5805.60,vdo_trend_accel
2020-09-07T08:00:00Z,1599465600000,BUY,0.14794551,10123.93,2.2467,1497.79,vdo_trend
2020-09-07T20:00:00Z,1599508800000,BUY,0.08671699,10158.63,1.3214,880.93,vdo_trend
2020-09-08T08:00:00Z,1599552000000,BUY,0.10403813,10274.56,1.6034,1068.95,vdo_trend
2020-09-12T20:00:00Z,1599940800000,BUY,0.05357869,10471.70,0.8416,561.06,vdo_trend_accel
2020-09-13T08:00:00Z,1599984000000,BUY,0.03032639,10552.81,0.4800,320.03,vdo_trend
2020-09-21T16:00:00Z,1600704000000,SELL,1.55485750,10408.35,24.2753,16183.51,trailing_stop
2020-09-26T08:00:00Z,1601107200000,BUY,0.47919657,10716.55,7.7030,5135.33,vdo_trend
2020-09-27T00:00:00Z,1601164800000,BUY,0.38121503,10739.32,6.1410,4093.99,vdo_trend_accel
2020-09-27T20:00:00Z,1601236800000,BUY,0.28919143,10742.74,4.6601,3106.71,vdo_trend_accel
2020-09-28T08:00:00Z,1601280000000,BUY,0.19697283,10864.86,3.2101,2140.08,vdo_trend_accel
2020-10-04T08:00:00Z,1601798400000,BUY,0.14092275,10623.45,2.2456,1497.09,vdo_trend_accel
2020-10-28T20:00:00Z,1603915200000,SELL,1.48749862,13152.16,29.3457,19563.82,trailing_stop
2020-10-31T08:00:00Z,1604131200000,BUY,0.43698011,13589.72,8.9077,5938.44,vdo_trend
2020-10-31T20:00:00Z,1604174400000,BUY,0.39983583,13795.66,8.2740,5516.00,vdo_trend
2020-11-01T16:00:00Z,1604246400000,BUY,0.16318283,13813.80,3.3813,2254.18,vdo_trend
2020-11-04T00:00:00Z,1604448000000,BUY,0.22614153,14037.56,4.7617,3174.47,vdo_trend_accel
2020-11-04T20:00:00Z,1604520000000,BUY,0.08466361,14116.37,1.7927,1195.14,vdo_trend_accel
2020-11-05T16:00:00Z,1604592000000,BUY,0.02136469,15095.33,0.4838,322.51,vdo_trend_accel
2020-11-07T20:00:00Z,1604779200000,SELL,1.33216860,14628.88,29.2322,19488.13,trailing_stop
2020-11-11T12:00:00Z,1605096000000,BUY,0.47363128,15590.06,11.0759,7383.94,vdo_trend_accel
2020-11-12T00:00:00Z,1605139200000,BUY,0.39703986,15699.94,9.3503,6233.50,vdo_trend_accel
2020-11-12T12:00:00Z,1605182400000,BUY,0.19976171,15778.32,4.7279,3151.90,vdo_trend
2020-11-13T00:00:00Z,1605225600000,BUY,0.04729447,16308.15,1.1569,771.29,vdo_trend_accel
2020-11-16T16:00:00Z,1605542400000,BUY,0.13617025,16466.45,3.3634,2242.24,vdo_trend_accel
2020-11-17T04:00:00Z,1605585600000,BUY,0.02690703,16590.15,0.6696,446.39,vdo_trend_accel
2020-11-22T12:00:00Z,1606046400000,SELL,1.28080460,17873.87,34.3394,22892.94,trailing_stop
2020-11-24T12:00:00Z,1606219200000,BUY,0.27491074,19084.06,7.8696,5246.41,vdo_trend_accel
2020-11-28T12:00:00Z,1606564800000,BUY,0.35658379,17177.45,9.1878,6125.20,vdo_trend_accel
2020-11-29T12:00:00Z,1606651200000,BUY,0.11605970,18107.84,3.1524,2101.59,vdo_trend_accel
2020-11-30T00:00:00Z,1606694400000,BUY,0.08510369,18203.19,2.3237,1549.16,vdo_trend
2020-11-30T12:00:00Z,1606737600000,BUY,0.03929813,18619.55,1.0976,731.71,vdo_trend
2020-12-01T00:00:00Z,1606780800000,BUY,0.07194203,19715.57,2.1276,1418.38,vdo_trend_accel
2020-12-01T12:00:00Z,1606824000000,BUY,0.07543771,19444.83,2.2003,1466.87,vdo_trend
2020-12-07T00:00:00Z,1607299200000,BUY,0.15333593,19378.03,4.4570,2971.35,vdo_trend_accel
2020-12-09T00:00:00Z,1607472000000,SELL,1.17267173,18305.79,32.2000,21466.68,trailing_stop
2020-12-12T04:00:00Z,1607745600000,BUY,0.45417702,18300.30,12.4674,8311.57,vdo_trend_accel
2020-12-12T16:00:00Z,1607788800000,BUY,0.45190458,18417.41,12.4844,8322.91,vdo_trend_accel
2020-12-13T04:00:00Z,1607832000000,BUY,0.31364297,18803.35,8.8463,5897.54,vdo_trend_accel
2020-12-26T16:00:00Z,1608998400000,SELL,0.60986229,25604.37,23.4227,15615.14,mr_defensive_exit
2021-01-04T12:00:00Z,1609761600000,SELL,0.60986229,30712.25,28.0954,18730.25,trailing_stop
2021-01-23T04:00:00Z,1611374400000,BUY,0.06053986,32397.37,2.9420,1961.33,vdo_trend
2021-01-23T16:00:00Z,1611417600000,BUY,0.07954143,31908.99,3.8071,2538.09,vdo_trend_accel
2021-01-24T04:00:00Z,1611460800000,BUY,0.02299798,32512.55,1.1216,747.72,vdo_trend
2021-01-25T12:00:00Z,1611576000000,BUY,0.08060026,33218.44,4.0161,2677.42,vdo_trend
2021-01-26T04:00:00Z,1611633600000,SELL,0.24367953,31488.74,11.5097,7673.16,trailing_stop
2021-01-27T00:00:00Z,1611705600000,BUY,0.06733190,32496.48,3.2821,2188.05,vdo_trend
2021-01-29T12:00:00Z,1611921600000,SELL,0.03366469,36986.82,1.8677,1245.15,mr_defensive_exit
2021-01-31T04:00:00Z,1612065600000,SELL,0.03366721,33896.30,1.7118,1141.19,trailing_stop
2021-03-07T08:00:00Z,1615104000000,BUY,0.06209889,50091.89,4.6660,3110.65,vdo_trend_accel
2021-03-07T12:00:00Z,1615118400000,SELL,0.03104944,50654.83,2.3592,1572.80,mr_defensive_exit
2021-03-15T08:00:00Z,1615795200000,SELL,0.03104944,57731.97,2.6888,1792.55,trailing_stop
2021-03-27T20:00:00Z,1616875200000,BUY,0.13439465,55820.79,11.2530,7502.02,vdo_trend_accel
2021-03-29T12:00:00Z,1617019200000,BUY,0.06690923,57912.01,5.8123,3874.85,vdo_trend_accel
2021-04-04T00:00:00Z,1617494400000,SELL,0.20130388,56994.91,17.2099,11473.30,trailing_stop
2021-04-06T04:00:00Z,1617681600000,BUY,0.12327461,58668.81,10.8486,7232.38,vdo_trend
2021-04-10T04:00:00Z,1618027200000,BUY,0.14401843,59288.74,12.8080,8538.67,vdo_trend_accel
2021-04-10T16:00:00Z,1618070400000,BUY,0.05196986,60307.52,4.7013,3134.17,vdo_trend
2021-04-12T08:00:00Z,1618214400000,BUY,0.04696406,60771.73,4.2811,2854.09,vdo_trend_accel
2021-04-16T08:00:00Z,1618560000000,SELL,0.36622696,61353.48,33.7039,22469.30,trailing_stop
2021-04-25T04:00:00Z,1619323200000,BUY,0.18662048,49676.40,13.9060,9270.63,vdo_trend
2021-04-25T16:00:00Z,1619366400000,BUY,0.25358771,50308.24,19.1363,12757.55,vdo_trend_accel
2021-04-26T04:00:00Z,1619409600000,BUY,0.11865678,52451.40,9.3356,6223.71,vdo_trend_accel
2021-04-30T16:00:00Z,1619798400000,BUY,0.03351276,57237.24,2.8773,1918.18,vdo_trend_accel
2021-05-01T04:00:00Z,1619841600000,BUY,0.01546515,58235.78,1.3509,900.62,vdo_trend_accel
2021-05-05T00:00:00Z,1620172800000,SELL,0.60784288,53151.86,48.4620,32307.98,trailing_stop
2021-05-06T12:00:00Z,1620302400000,BUY,0.19596313,58046.00,17.0623,11374.88,vdo_trend_accel
2021-05-13T20:00:00Z,1620936000000,SELL,0.19596313,48521.41,14.2626,9508.41,fixed_stop
2021-05-20T08:00:00Z,1621497600000,BUY,0.08445393,39999.64,5.0672,3378.13,vdo_trend_accel
2021-05-21T00:00:00Z,1621555200000,BUY,0.05860264,40565.93,3.5659,2377.27,vdo_trend_accel
2021-05-23T00:00:00Z,1621728000000,BUY,0.03767761,37495.98,2.1191,1412.76,vdo_trend_accel
2021-05-23T16:00:00Z,1621785600000,SELL,0.18073418,33283.11,9.0231,6015.40,fixed_stop
2021-07-31T00:00:00Z,1627689600000,BUY,0.07448808,42248.58,4.7205,3147.02,vdo_trend_accel
2021-07-31T12:00:00Z,1627732800000,BUY,0.05738390,41633.74,3.5837,2389.11,vdo_trend_accel
2021-08-01T04:00:00Z,1627790400000,BUY,0.04018453,42472.85,2.5601,1706.75,vdo_trend_accel
2021-08-04T20:00:00Z,1628107200000,BUY,0.04074906,39791.93,2.4322,1621.48,vdo_trend_accel
2021-08-07T12:00:00Z,1628337600000,BUY,0.01355145,43843.84,0.8912,594.15,vdo_trend_accel
2021-08-08T00:00:00Z,1628380800000,BUY,0.01318952,44617.12,0.8827,588.48,vdo_trend
2021-08-09T16:00:00Z,1628524800000,BUY,0.02136334,45916.64,1.4714,980.93,vdo_trend_accel
2021-08-13T20:00:00Z,1628884800000,BUY,0.01771227,46506.33,1.2356,823.73,vdo_trend_accel
2021-08-19T04:00:00Z,1629345600000,SELL,0.27862215,44002.93,18.3903,12260.19,trailing_stop
2021-08-19T20:00:00Z,1629403200000,BUY,0.21824776,46756.72,15.3068,10204.55,vdo_trend_accel
2021-08-20T08:00:00Z,1629446400000,BUY,0.22346708,46880.33,15.7143,10476.21,vdo_trend_accel
2021-08-20T20:00:00Z,1629489600000,BUY,0.04374813,48732.86,3.1980,2131.97,vdo_trend_accel
2021-08-23T04:00:00Z,1629691200000,BUY,0.07937888,50310.27,5.9904,3993.57,vdo_trend_accel
2021-08-26T12:00:00Z,1629979200000,SELL,0.56484184,46789.08,39.6426,26428.43,trailing_stop
2021-08-27T16:00:00Z,1630080000000,BUY,0.22658433,48232.86,16.3932,10928.81,vdo_trend_accel
2021-08-28T04:00:00Z,1630123200000,BUY,0.24207783,48901.87,17.7571,11838.06,vdo_trend_accel
2021-08-28T16:00:00Z,1630166400000,BUY,0.13324310,48859.94,9.7654,6510.25,vdo_trend
2021-08-29T04:00:00Z,1630209600000,BUY,0.02869436,48271.83,2.0777,1385.13,vdo_trend
2021-09-02T04:00:00Z,1630555200000,BUY,0.01066265,49607.45,0.7934,528.95,vdo_trend_accel
2021-09-02T16:00:00Z,1630598400000,BUY,0.02273835,49590.25,1.6914,1127.60,vdo_trend
2021-09-06T00:00:00Z,1630886400000,BUY,0.01072930,51808.65,0.8338,555.87,vdo_trend_accel
2021-09-08T04:00:00Z,1631073600000,SELL,0.67472993,46403.96,46.9652,31310.14,trailing_stop
2021-09-11T08:00:00Z,1631347200000,BUY,0.22218431,45089.03,15.0271,10018.07,vdo_trend
2021-09-20T12:00:00Z,1632139200000,SELL,0.22218431,43690.28,14.5609,9707.29,trailing_stop
2021-09-22T16:00:00Z,1632326400000,BUY,0.26158689,43266.19,16.9768,11317.87,vdo_trend_accel
2021-09-23T04:00:00Z,1632369600000,BUY,0.25807684,44118.67,17.0790,11386.01,vdo_trend_accel
2021-09-23T16:00:00Z,1632412800000,BUY,0.11395224,43791.39,7.4852,4990.13,vdo_trend
2021-09-24T04:00:00Z,1632456000000,BUY,0.03295794,44327.33,2.1914,1460.94,vdo_trend
2021-09-24T12:00:00Z,1632484800000,SELL,0.66657390,41485.98,41.4802,27653.47,emergency_dd
2021-09-25T04:00:00Z,1632542400000,BUY,0.22060683,42650.73,14.1136,9409.04,vdo_trend
2021-09-25T16:00:00Z,1632585600000,BUY,0.15271052,42712.65,9.7840,6522.67,vdo_trend
2021-09-27T04:00:00Z,1632715200000,BUY,0.11795995,44082.79,7.8000,5200.00,vdo_trend_accel
2021-09-30T20:00:00Z,1633032000000,BUY,0.07723410,43575.86,5.0483,3365.54,vdo_trend_accel
2021-10-01T08:00:00Z,1633075200000,BUY,0.07237275,44833.22,4.8671,3244.70,vdo_trend_accel
2021-10-01T20:00:00Z,1633118400000,BUY,0.01787440,48078.03,1.2890,859.37,vdo_trend_accel
2021-10-02T08:00:00Z,1633161600000,BUY,0.00814867,47772.74,0.5839,389.28,vdo_trend
2021-10-22T00:00:00Z,1634860800000,SELL,0.66690722,62130.97,62.1534,41435.59,trailing_stop
2021-10-25T04:00:00Z,1635134400000,BUY,0.20847448,62146.78,19.4340,12956.02,vdo_trend_accel
2021-10-25T16:00:00Z,1635177600000,BUY,0.15819289,63670.48,15.1083,10072.22,vdo_trend_accel
2021-10-29T16:00:00Z,1635523200000,BUY,0.09720069,62362.31,9.0925,6061.66,vdo_trend_accel
2021-11-01T08:00:00Z,1635753600000,BUY,0.06567308,62238.48,6.1311,4087.39,vdo_trend_accel
2021-11-02T12:00:00Z,1635854400000,BUY,0.05794665,62976.23,5.4739,3649.26,vdo_trend_accel
2021-11-07T04:00:00Z,1636257600000,BUY,0.03974732,62195.18,3.7081,2472.09,vdo_trend_accel
2021-11-07T20:00:00Z,1636315200000,BUY,0.02758851,62327.85,2.5793,1719.53,vdo_trend_accel
2021-11-12T12:00:00Z,1636718400000,SELL,0.65482362,63689.45,62.5580,41705.36,trailing_stop
2021-11-15T08:00:00Z,1636963200000,BUY,0.16961277,65645.31,16.7014,11134.28,vdo_trend
2021-11-23T20:00:00Z,1637697600000,BUY,0.25605162,57836.00,22.2135,14809.00,vdo_trend_accel
2021-11-24T20:00:00Z,1637784000000,BUY,0.09102222,56881.97,7.7663,5177.52,vdo_trend_accel
2021-11-25T08:00:00Z,1637827200000,BUY,0.05508250,57706.56,4.7679,3178.62,vdo_trend
2021-11-25T20:00:00Z,1637870400000,BUY,0.04711714,58912.71,4.1637,2775.80,vdo_trend_accel
2021-11-29T00:00:00Z,1638144000000,BUY,0.04866473,57332.18,4.1851,2790.06,vdo_trend_accel
2021-11-29T12:00:00Z,1638187200000,BUY,0.01904953,56940.19,1.6270,1084.68,vdo_trend_accel
2021-12-04T00:00:00Z,1638576000000,SELL,0.68660050,53547.46,55.1486,36765.71,emergency_dd
2021-12-12T00:00:00Z,1639267200000,BUY,0.27863517,49439.39,20.6633,13775.55,vdo_trend_accel
2021-12-12T12:00:00Z,1639310400000,BUY,0.21632705,49173.47,15.9563,10637.55,vdo_trend
2021-12-13T00:00:00Z,1639353600000,BUY,0.12094434,50103.97,9.0897,6059.79,vdo_trend
2021-12-13T16:00:00Z,1639411200000,SELL,0.61590656,47204.78,43.6106,29073.73,emergency_dd
2021-12-15T00:00:00Z,1639526400000,BUY,0.23663453,48385.30,17.1744,11449.63,vdo_trend_accel
2021-12-15T12:00:00Z,1639569600000,BUY,0.16062468,48180.68,11.6085,7739.01,vdo_trend_accel
2021-12-25T08:00:00Z,1640419200000,BUY,0.09321514,50970.11,7.1268,4751.19,vdo_trend
2021-12-29T00:00:00Z,1640736000000,SELL,0.49047435,47496.21,34.9435,23295.67,trailing_stop
2021-12-31T16:00:00Z,1640966400000,BUY,0.27060654,48053.39,19.5053,13003.56,vdo_trend_accel
2022-01-06T00:00:00Z,1641427200000,SELL,0.27060654,43407.70,17.6196,11746.41,emergency_dd
2023-03-30T08:00:00Z,1680163200000,BUY,0.18284930,28753.73,7.8864,5257.60,vdo_trend_accel
2023-04-04T12:00:00Z,1680609600000,BUY,0.33573453,28317.81,14.2609,9507.27,vdo_trend_accel
2023-04-09T20:00:00Z,1681070400000,BUY,0.21920073,28168.56,9.2619,6174.57,vdo_trend_accel
2023-04-10T08:00:00Z,1681113600000,BUY,0.40944195,28312.86,17.3887,11592.47,vdo_trend_accel
2023-04-10T20:00:00Z,1681156800000,BUY,0.03801452,29202.23,1.6652,1110.11,vdo_trend_accel
2023-04-11T08:00:00Z,1681200000000,BUY,0.02144404,30137.01,0.9694,646.26,vdo_trend_accel
2023-04-17T08:00:00Z,1681718400000,SELL,1.20668508,29808.47,53.9542,35969.43,trailing_stop
2023-04-18T12:00:00Z,1681819200000,BUY,0.43083726,30410.98,19.6533,13102.18,vdo_trend_accel
2023-04-19T00:00:00Z,1681862400000,BUY,0.23432544,30410.40,10.6889,7125.93,vdo_trend_accel
2023-04-20T00:00:00Z,1681948800000,SELL,0.66516270,28768.31,28.7034,19135.61,emergency_dd
2023-04-22T20:00:00Z,1682193600000,BUY,0.45926316,27650.24,19.0481,12698.74,vdo_trend_accel
2023-04-23T08:00:00Z,1682236800000,BUY,0.45782563,27746.62,19.0547,12703.11,vdo_trend_accel
2023-04-23T20:00:00Z,1682280000000,BUY,0.10032491,27493.25,4.1374,2758.26,vdo_trend
2023-04-26T12:00:00Z,1682510400000,BUY,0.04520735,28981.27,1.9652,1310.17,vdo_trend_accel
2023-05-01T16:00:00Z,1682956800000,SELL,1.06262105,28142.48,44.8572,29904.79,trailing_stop
2023-05-04T08:00:00Z,1683187200000,BUY,0.32110667,29087.27,14.0102,9340.12,vdo_trend
2023-05-17T20:00:00Z,1684353600000,BUY,0.37502955,27412.48,15.4207,10280.49,vdo_trend_accel
2023-05-18T08:00:00Z,1684396800000,BUY,0.28363574,27419.01,11.6655,7777.01,vdo_trend_accel
2023-05-23T04:00:00Z,1684814400000,BUY,0.07084317,27394.04,2.9110,1940.68,vdo_trend_accel
2023-05-24T20:00:00Z,1684958400000,BUY,0.13673118,26278.60,5.3897,3593.10,vdo_dip_buy
2023-05-28T04:00:00Z,1685246400000,BUY,0.02933165,27214.43,1.1974,798.24,vdo_trend_accel
2023-05-28T16:00:00Z,1685289600000,BUY,0.04719834,27299.45,1.9327,1288.49,vdo_trend_accel
2023-07-08T08:00:00Z,1688803200000,SELL,1.26387631,30163.17,57.1838,38122.52,trailing_stop
2023-07-09T16:00:00Z,1688918400000,BUY,0.45093098,30379.83,20.5488,13699.21,vdo_trend_accel
2023-07-10T20:00:00Z,1689019200000,BUY,0.12298816,30868.25,5.6946,3796.43,vdo_trend_accel
2023-07-11T08:00:00Z,1689062400000,BUY,0.36065288,30565.92,16.5355,11023.69,vdo_trend_accel
2023-07-11T20:00:00Z,1689105600000,BUY,0.10813395,30612.59,4.9654,3310.26,vdo_trend
2023-07-12T08:00:00Z,1689148800000,BUY,0.07353812,30770.75,3.3942,2262.82,vdo_trend_accel
2023-07-13T12:00:00Z,1689249600000,BUY,0.07042923,30574.54,3.2300,2153.34,vdo_trend_accel
2023-07-14T00:00:00Z,1689292800000,BUY,0.06253663,31485.69,2.9535,1969.01,vdo_trend_accel
2023-07-24T12:00:00Z,1690200000000,SELL,1.24920995,29240.73,54.7917,36527.81,emergency_dd
2023-07-28T16:00:00Z,1690560000000,BUY,0.45002807,29417.39,19.8580,13238.65,vdo_trend_accel
2023-07-29T04:00:00Z,1690603200000,BUY,0.44979395,29401.28,19.8368,13224.52,vdo_trend_accel
2023-07-29T16:00:00Z,1690646400000,BUY,0.21050300,29321.64,9.2584,6172.29,vdo_trend_accel
2023-07-30T16:00:00Z,1690732800000,BUY,0.09146458,29378.72,4.0307,2687.11,vdo_trend_accel
2023-07-31T04:00:00Z,1690776000000,BUY,0.05816407,29451.43,2.5695,1713.02,vdo_trend_accel
2023-08-17T12:00:00Z,1692273600000,SELL,1.25995367,28516.56,53.8943,35929.55,emergency_dd
2023-08-18T08:00:00Z,1692345600000,BUY,0.48429814,26456.44,19.2192,12812.80,vdo_dip_buy
2023-08-19T20:00:00Z,1692475200000,BUY,0.48753693,26151.74,19.1249,12749.94,vdo_dip_buy
2023-08-20T08:00:00Z,1692518400000,BUY,0.41945644,26114.53,16.4309,10953.91,vdo_dip_buy
2023-08-31T20:00:00Z,1693512000000,SELL,1.39129151,26136.63,54.5455,36363.68,trailing_stop
2023-10-02T04:00:00Z,1696219200000,BUY,0.06150683,28154.67,2.5976,1731.70,vdo_trend_accel
2023-10-02T16:00:00Z,1696262400000,BUY,0.09221147,28054.33,3.8804,2586.93,vdo_trend
2023-10-08T04:00:00Z,1696737600000,BUY,0.34873168,28092.94,14.6953,9796.90,vdo_trend
2023-10-12T04:00:00Z,1697083200000,BUY,0.46491503,26873.92,18.7411,12494.09,vdo_dip_buy
2023-10-17T04:00:00Z,1697515200000,BUY,0.05531916,28298.28,2.3482,1565.44,vdo_trend
2023-10-17T16:00:00Z,1697558400000,BUY,0.07794636,28490.19,3.3311,2220.71,vdo_trend
2023-10-18T04:00:00Z,1697601600000,BUY,0.07615452,28542.95,3.2605,2173.67,vdo_trend
2023-10-20T04:00:00Z,1697774400000,BUY,0.04465086,29264.61,1.9600,1306.69,vdo_trend_accel
2023-10-23T04:00:00Z,1698033600000,BUY,0.01363666,30767.42,0.6293,419.56,vdo_trend_accel
2023-10-29T04:00:00Z,1698552000000,SELL,1.23507257,33936.91,62.8718,41914.54,trailing_stop
2023-11-01T00:00:00Z,1698796800000,BUY,0.36841985,34674.43,19.1621,12774.75,vdo_trend
2023-11-02T04:00:00Z,1698897600000,BUY,0.13693356,35607.26,7.3137,4875.83,vdo_trend_accel
2023-11-02T20:00:00Z,1698955200000,BUY,0.29488328,35035.01,15.4969,10331.24,vdo_trend_accel
2023-11-05T00:00:00Z,1699142400000,BUY,0.20837081,35097.13,10.9698,7313.22,vdo_trend_accel
2023-11-08T00:00:00Z,1699401600000,BUY,0.07013056,35434.54,3.7276,2485.04,vdo_trend_accel
2023-11-08T12:00:00Z,1699444800000,BUY,0.05657391,35366.14,3.0012,2000.80,vdo_trend_accel
2023-11-09T00:00:00Z,1699488000000,BUY,0.07057439,35660.35,3.7751,2516.71,vdo_trend_accel
2023-11-15T04:00:00Z,1700020800000,SELL,1.20588636,35346.63,63.9360,42624.02,trailing_stop
2023-11-15T20:00:00Z,1700078400000,BUY,0.41078539,37537.50,23.1298,15419.86,vdo_trend_accel
2023-11-16T08:00:00Z,1700121600000,BUY,0.24465813,37474.70,13.7527,9168.49,vdo_trend_accel
2023-11-22T20:00:00Z,1700683200000,BUY,0.27956682,37327.28,15.6532,10435.47,vdo_trend_accel
2023-11-28T20:00:00Z,1701201600000,BUY,0.03739159,38152.38,2.1399,1426.58,vdo_trend_accel
2023-11-30T04:00:00Z,1701316800000,BUY,0.05031158,38089.90,2.8745,1916.36,vdo_trend
2023-12-01T12:00:00Z,1701432000000,BUY,0.08252625,38618.76,4.7806,3187.06,vdo_trend_accel
2023-12-02T00:00:00Z,1701475200000,BUY,0.04221373,38721.20,2.4518,1634.57,vdo_trend_accel
2023-12-11T16:00:00Z,1702310400000,SELL,1.14745348,41761.64,71.8793,47919.54,trailing_stop
2023-12-13T16:00:00Z,1702483200000,BUY,0.23388964,41981.12,14.7284,9818.95,vdo_trend_accel
2023-12-15T20:00:00Z,1702670400000,BUY,0.21296357,42138.19,13.4608,8973.90,vdo_trend
2023-12-16T08:00:00Z,1702713600000,BUY,0.17989083,42264.90,11.4046,7603.07,vdo_trend
2023-12-16T20:00:00Z,1702756800000,BUY,0.19964759,42394.10,12.6958,8463.88,vdo_trend
2023-12-19T04:00:00Z,1702958400000,BUY,0.12201027,43125.30,7.8926,5261.73,vdo_trend_accel
2023-12-22T04:00:00Z,1703217600000,BUY,0.05392197,44052.02,3.5631,2375.37,vdo_trend
2023-12-26T12:00:00Z,1703592000000,BUY,0.07641541,42728.26,4.8976,3265.10,vdo_dip_buy
2023-12-27T12:00:00Z,1703678400000,BUY,0.06204077,43062.14,4.0074,2671.61,vdo_trend_accel
2024-01-13T04:00:00Z,1705118400000,SELL,1.14078005,42567.34,72.8400,48559.97,trailing_stop
2024-01-16T16:00:00Z,1705420800000,BUY,0.39317605,43295.71,25.5343,17022.84,vdo_trend_accel
2024-01-22T20:00:00Z,1705953600000,SELL,0.39317605,39780.50,23.4611,15640.74,emergency_dd
2024-01-23T16:00:00Z,1706025600000,BUY,0.42100155,39243.21,24.7822,16521.45,vdo_dip_buy
2024-01-24T08:00:00Z,1706083200000,BUY,0.41532128,40021.08,24.9324,16621.61,vdo_trend_accel
2024-01-24T20:00:00Z,1706126400000,BUY,0.24861302,39842.85,14.8582,9905.45,vdo_trend_accel
2024-01-26T00:00:00Z,1706227200000,BUY,0.02580496,40001.06,1.5483,1032.23,vdo_trend
2024-01-26T16:00:00Z,1706284800000,BUY,0.01371231,41464.41,0.8529,568.57,vdo_trend_accel
2024-02-17T16:00:00Z,1708185600000,SELL,1.12445312,50933.59,85.9086,57272.43,trailing_stop
2024-02-25T04:00:00Z,1708833600000,BUY,0.33870573,51676.64,26.2548,17503.17,vdo_trend_accel
2024-02-26T16:00:00Z,1708963200000,BUY,0.17434381,52895.19,13.8329,9221.95,vdo_trend_accel
2024-02-27T04:00:00Z,1709006400000,BUY,0.14089311,55723.28,11.7765,7851.03,vdo_trend_accel
2024-02-27T16:00:00Z,1709049600000,BUY,0.07957242,56802.42,6.7799,4519.91,vdo_trend_accel
2024-02-28T08:00:00Z,1709107200000,BUY,0.07048293,58299.35,6.1637,4109.11,vdo_trend
2024-02-28T20:00:00Z,1709150400000,BUY,0.03934931,61012.07,3.6012,2400.78,vdo_trend_accel
2024-03-05T20:00:00Z,1709668800000,SELL,0.84334731,61349.58,77.6085,51739.01,trailing_stop
2024-03-19T00:00:00Z,1710806400000,BUY,0.22446510,67677.63,22.7869,15191.27,vdo_trend
2024-03-21T08:00:00Z,1711008000000,BUY,0.24293094,67052.19,24.4336,16289.05,vdo_trend_accel
2024-03-24T16:00:00Z,1711296000000,BUY,0.13235376,65739.05,13.0512,8700.81,vdo_trend
2024-03-25T04:00:00Z,1711339200000,BUY,0.13209658,67417.37,13.3584,8905.60,vdo_trend_accel
2024-03-25T16:00:00Z,1711382400000,BUY,0.06575070,69861.87,6.8902,4593.47,vdo_trend_accel
2024-03-27T04:00:00Z,1711512000000,BUY,0.04294275,70458.41,4.5385,3025.68,vdo_trend
2024-03-28T16:00:00Z,1711641600000,BUY,0.03948015,71361.69,4.2261,2817.37,vdo_trend_accel
2024-04-01T00:00:00Z,1711929600000,BUY,0.03563514,71351.30,3.8139,2542.61,vdo_trend_accel
2024-04-02T08:00:00Z,1712044800000,SELL,0.91565512,66389.06,91.1842,60789.48,trailing_stop
2024-04-04T16:00:00Z,1712246400000,BUY,0.27810202,67715.66,28.2478,18831.86,vdo_trend_accel
2024-04-07T04:00:00Z,1712462400000,BUY,0.19136572,69477.47,19.9434,13295.61,vdo_trend_accel
2024-04-07T16:00:00Z,1712505600000,BUY,0.13484372,69613.29,14.0804,9386.92,vdo_trend_accel
2024-04-08T08:00:00Z,1712563200000,BUY,0.05867628,70769.36,6.2287,4152.48,vdo_trend_accel
2024-04-08T20:00:00Z,1712606400000,BUY,0.20073497,71837.78,21.6305,14420.36,vdo_trend_accel
2024-04-12T20:00:00Z,1712952000000,SELL,0.86372270,66777.15,86.5154,57676.94,trailing_stop
2024-04-17T00:00:00Z,1713312000000,BUY,0.28301408,63857.21,27.1087,18072.49,vdo_trend_accel
2024-04-17T12:00:00Z,1713355200000,BUY,0.29087343,62657.65,27.3382,18225.45,vdo_trend_accel
2024-04-18T04:00:00Z,1713412800000,BUY,0.15481297,62049.99,14.4092,9606.14,vdo_trend_accel
2024-04-18T16:00:00Z,1713456000000,BUY,0.07201516,63562.20,6.8662,4577.44,vdo_trend_accel
2024-04-20T00:00:00Z,1713571200000,BUY,0.04533902,63881.84,4.3445,2896.34,vdo_trend
2024-04-20T12:00:00Z,1713614400000,BUY,0.04152855,63770.90,3.9725,2648.31,vdo_trend_accel
2024-04-21T00:00:00Z,1713657600000,BUY,0.03580999,65005.54,3.4918,2327.85,vdo_trend_accel
2024-04-26T16:00:00Z,1714147200000,SELL,0.92339320,63439.73,87.8697,58579.82,trailing_stop
2024-04-30T04:00:00Z,1714449600000,BUY,0.28389284,63711.65,27.1309,18087.28,vdo_trend_accel
2024-05-02T16:00:00Z,1714665600000,BUY,0.25575088,59323.44,22.7580,15172.02,vdo_trend_accel
2024-05-04T00:00:00Z,1714780800000,BUY,0.09238052,62944.91,8.7223,5814.88,vdo_trend_accel
2024-05-04T12:00:00Z,1714824000000,BUY,0.14035464,63937.19,13.4608,8973.88,vdo_trend_accel
2024-05-05T00:00:00Z,1714867200000,BUY,0.04515897,63955.94,4.3323,2888.18,vdo_trend
2024-05-05T16:00:00Z,1714924800000,BUY,0.04826654,64493.08,4.6693,3112.86,vdo_trend_accel
2024-05-10T08:00:00Z,1715328000000,BUY,0.06729402,63141.10,6.3735,4249.02,vdo_trend_accel
2024-05-13T08:00:00Z,1715587200000,BUY,0.02028081,62396.71,1.8982,1265.46,vdo_trend_accel
2024-05-23T20:00:00Z,1716494400000,SELL,0.95337922,67132.80,96.0045,64003.01,trailing_stop
2024-05-27T16:00:00Z,1716825600000,BUY,0.32760609,70444.25,34.6169,23077.97,vdo_trend_accel
2024-06-02T16:00:00Z,1717344000000,BUY,0.18401158,68210.34,18.8272,12551.49,vdo_trend_accel
2024-06-03T08:00:00Z,1717401600000,BUY,0.17148784,68975.62,17.7427,11828.48,vdo_trend_accel
2024-06-03T20:00:00Z,1717444800000,BUY,0.06758595,69273.22,7.0228,4681.90,vdo_trend
2024-06-07T12:00:00Z,1717761600000,BUY,0.05584064,71771.72,6.0117,4007.78,vdo_trend_accel
2024-06-11T12:00:00Z,1718107200000,SELL,0.80653210,66823.13,80.8425,53895.00,emergency_dd
2024-06-12T16:00:00Z,1718208000000,BUY,0.31847759,69803.75,33.3464,22230.93,vdo_trend_accel
2024-06-13T08:00:00Z,1718265600000,BUY,0.15508717,67792.54,15.7706,10513.75,vdo_trend
2024-06-17T00:00:00Z,1718582400000,BUY,0.14264536,66743.55,14.2810,9520.66,vdo_trend_accel
2024-06-17T16:00:00Z,1718640000000,SELL,0.61621012,65302.65,60.3602,40240.15,emergency_dd
2024-06-20T08:00:00Z,1718870400000,BUY,0.29609627,65924.72,29.2801,19520.06,vdo_trend_accel
2024-06-22T08:00:00Z,1719043200000,BUY,0.28879448,64584.53,27.9775,18651.65,vdo_trend_accel
2024-06-22T20:00:00Z,1719086400000,BUY,0.24072714,64359.32,23.2396,15493.04,vdo_trend_accel
2024-06-23T20:00:00Z,1719172800000,BUY,0.04700556,64213.95,4.5276,3018.41,vdo_trend_accel
2024-06-24T12:00:00Z,1719230400000,SELL,0.87262345,61230.67,80.1470,53431.32,emergency_dd
2024-06-26T04:00:00Z,1719374400000,BUY,0.32712165,61998.02,30.4213,20280.90,vdo_trend_accel
2024-06-27T00:00:00Z,1719446400000,BUY,0.28500524,60925.86,26.0463,17364.19,vdo_trend
2024-06-27T12:00:00Z,1719489600000,BUY,0.28741590,61257.22,26.4094,17606.30,vdo_trend_accel
2024-07-03T20:00:00Z,1720036800000,SELL,0.89954280,59611.45,80.4346,53623.05,emergency_dd
2024-07-06T16:00:00Z,1720281600000,BUY,0.34253739,57375.32,29.4798,19653.19,vdo_trend_accel
2024-07-07T04:00:00Z,1720324800000,BUY,0.30057537,58021.44,26.1597,17439.82,vdo_trend
2024-07-07T16:00:00Z,1720368000000,BUY,0.16994726,56882.26,14.5005,9666.98,vdo_trend
2024-07-08T04:00:00Z,1720411200000,SELL,0.81306003,55104.85,67.2053,44803.55,emergency_dd
2024-07-16T16:00:00Z,1721145600000,BUY,0.24168074,64943.13,23.5433,15695.50,vdo_trend
2024-07-17T04:00:00Z,1721188800000,BUY,0.11104824,65767.38,10.9550,7303.35,vdo_trend_accel
2024-07-21T20:00:00Z,1721592000000,BUY,0.17107604,67489.47,17.3187,11545.83,vdo_trend_accel
2024-07-26T08:00:00Z,1721980800000,BUY,0.14471550,66957.47,14.5347,9689.78,vdo_trend_accel
2024-07-26T20:00:00Z,1722024000000,BUY,0.05072283,68058.01,5.1781,3452.09,vdo_trend_accel
2024-07-27T08:00:00Z,1722067200000,BUY,0.02808281,68104.73,2.8689,1912.57,vdo_trend
2024-07-28T12:00:00Z,1722168000000,BUY,0.02359786,67903.86,2.4036,1602.39,vdo_trend
2024-08-03T00:00:00Z,1722643200000,SELL,0.77092402,61436.86,71.0447,47363.15,emergency_dd
2024-08-06T04:00:00Z,1722916800000,BUY,0.20796769,55721.41,17.3824,11588.25,vdo_trend_accel
2024-08-06T16:00:00Z,1722960000000,BUY,0.07533978,56462.41,6.3808,4253.87,vdo_trend_accel
2024-08-07T04:00:00Z,1723003200000,BUY,0.30935933,56918.89,26.4126,17608.39,vdo_trend_accel
2024-08-07T16:00:00Z,1723046400000,BUY,0.12850547,56150.62,10.8235,7215.66,vdo_trend
2024-08-16T20:00:00Z,1723838400000,BUY,0.07551248,59743.09,6.7670,4511.35,vdo_trend_accel
2024-08-17T08:00:00Z,1723881600000,BUY,0.06711688,59307.26,5.9708,3980.52,vdo_trend_accel
2024-08-19T08:00:00Z,1724054400000,SELL,0.86380163,58443.70,75.7256,50483.77,trailing_stop
2024-08-20T04:00:00Z,1724126400000,BUY,0.29557053,60679.82,26.9028,17935.17,vdo_trend_accel
2024-08-20T20:00:00Z,1724184000000,BUY,0.29888119,59571.53,26.7072,17804.81,vdo_trend_accel
2024-08-23T20:00:00Z,1724443200000,BUY,0.07098658,63692.48,6.7820,4521.31,vdo_trend_accel
2024-08-28T00:00:00Z,1724803200000,SELL,0.66543830,59355.60,59.2462,39497.49,trailing_stop
2024-08-31T00:00:00Z,1725062400000,BUY,0.26037588,59183.13,23.1148,15409.86,vdo_trend
2024-09-17T16:00:00Z,1726588800000,BUY,0.11458705,61196.64,10.5185,7012.34,vdo_trend_accel
2024-09-18T20:00:00Z,1726689600000,BUY,0.12872362,60118.06,11.6079,7738.61,vdo_trend
2024-09-19T08:00:00Z,1726732800000,BUY,0.20538919,62156.11,19.1493,12766.19,vdo_trend_accel
2024-09-19T20:00:00Z,1726776000000,BUY,0.03621245,63315.26,3.4392,2292.80,vdo_trend_accel
2024-09-20T08:00:00Z,1726819200000,BUY,0.02219160,63588.35,2.1167,1411.13,vdo_trend
2024-09-23T04:00:00Z,1727064000000,BUY,0.01368880,64418.37,1.3227,881.81,vdo_trend_accel
2024-09-24T20:00:00Z,1727208000000,BUY,0.01598029,64356.66,1.5427,1028.44,vdo_trend_accel
2024-10-01T16:00:00Z,1727798400000,SELL,0.79714886,62566.24,74.8119,49874.60,trailing_stop
2024-10-04T08:00:00Z,1728028800000,BUY,0.29332689,61505.10,27.0616,18041.10,vdo_trend_accel
2024-10-05T08:00:00Z,1728115200000,BUY,0.19455269,62138.29,18.1338,12089.17,vdo_trend_accel
2024-10-06T16:00:00Z,1728230400000,BUY,0.14228507,62782.75,13.3996,8933.05,vdo_trend_accel
2024-10-07T04:00:00Z,1728273600000,BUY,0.06175022,63594.06,5.8904,3926.95,vdo_trend_accel
2024-10-10T20:00:00Z,1728590400000,SELL,0.69191487,59667.56,61.9273,41284.87,emergency_dd
2024-10-11T20:00:00Z,1728676800000,BUY,0.27552768,63149.10,26.0990,17399.33,vdo_trend_accel
2024-10-14T00:00:00Z,1728864000000,BUY,0.17149234,62932.91,16.1888,10792.51,vdo_trend
2024-10-14T12:00:00Z,1728907200000,BUY,0.13892030,64984.99,13.5416,9027.73,vdo_trend_accel
2024-10-15T00:00:00Z,1728950400000,BUY,0.09612513,66150.10,9.5380,6358.69,vdo_trend_accel
2024-10-24T20:00:00Z,1729800000000,BUY,0.03653362,68378.12,3.7472,2498.10,vdo_trend_accel
2024-10-26T20:00:00Z,1729972800000,BUY,0.03465265,67245.19,3.4953,2330.22,vdo_trend
2024-11-03T00:00:00Z,1730592000000,SELL,0.75325172,69305.38,78.3066,52204.40,trailing_stop
2024-11-04T04:00:00Z,1730692800000,BUY,0.27022350,69116.93,28.0155,18677.02,vdo_trend_accel
2024-11-04T16:00:00Z,1730736000000,BUY,0.22834239,68714.67,23.5357,15690.47,vdo_trend_accel
2024-11-05T04:00:00Z,1730779200000,BUY,0.08470472,68311.27,8.6794,5786.29,vdo_trend
2024-11-05T16:00:00Z,1730822400000,BUY,0.06937525,69709.66,7.2542,4836.13,vdo_trend_accel
2024-11-06T04:00:00Z,1730865600000,BUY,0.02837064,74422.90,3.1671,2111.43,vdo_trend_accel
2024-11-10T08:00:00Z,1731225600000,BUY,0.02586618,78911.21,3.0617,2041.13,vdo_trend_accel
2024-11-10T20:00:00Z,1731268800000,BUY,0.01514223,79828.76,1.8132,1208.79,vdo_trend_accel
2024-11-15T00:00:00Z,1731628800000,SELL,0.72202491,87238.29,94.4823,62988.22,trailing_stop
2024-11-21T12:00:00Z,1732190400000,BUY,0.13803327,98073.00,20.3060,13537.34,vdo_trend_accel
2024-11-27T00:00:00Z,1732665600000,BUY,0.14088095,92057.15,19.4536,12969.10,vdo_dip_buy
2024-11-27T16:00:00Z,1732723200000,BUY,0.11247730,95651.58,16.1379,10758.63,vdo_trend_accel
2024-11-28T20:00:00Z,1732824000000,BUY,0.07230313,95214.62,10.3265,6884.32,vdo_trend
2024-11-29T08:00:00Z,1732867200000,BUY,0.03473795,95720.70,4.9877,3325.14,vdo_trend
2024-11-29T20:00:00Z,1732910400000,BUY,0.01981160,97427.08,2.8953,1930.19,vdo_trend_accel
2024-12-05T04:00:00Z,1733371200000,BUY,0.02939413,103066.99,4.5443,3029.56,vdo_trend_accel
2024-12-05T16:00:00Z,1733414400000,BUY,0.06594257,101393.32,10.0292,6686.14,vdo_trend
2024-12-09T20:00:00Z,1733774400000,SELL,0.61358090,96973.28,89.2514,59500.95,trailing_stop
2024-12-10T16:00:00Z,1733846400000,BUY,0.22864696,95754.47,32.8410,21893.97,vdo_dip_buy
2024-12-11T16:00:00Z,1733932800000,BUY,0.16427628,100462.03,24.7553,16503.53,vdo_trend_accel
2024-12-14T04:00:00Z,1734148800000,BUY,0.08008463,102190.11,12.2758,8183.86,vdo_trend_accel
2024-12-15T04:00:00Z,1734235200000,BUY,0.10417165,101835.59,15.9126,10608.38,vdo_trend
2024-12-15T16:00:00Z,1734278400000,BUY,0.07113620,102806.73,10.9699,7313.28,vdo_trend_accel
2024-12-19T00:00:00Z,1734566400000,SELL,0.64831572,100103.83,97.3483,64898.89,trailing_stop
2024-12-22T00:00:00Z,1734825600000,BUY,0.17864652,97389.32,26.0974,17398.26,vdo_trend
2024-12-23T08:00:00Z,1734940800000,BUY,0.24139506,95499.44,34.5796,23053.09,vdo_trend
2024-12-24T00:00:00Z,1734998400000,BUY,0.08549063,94976.38,12.1794,8119.59,vdo_trend_accel
2024-12-25T00:00:00Z,1735084800000,BUY,0.05212422,98762.27,7.7219,5147.91,vdo_trend_accel
2024-12-31T12:00:00Z,1735646400000,BUY,0.03853095,94326.94,5.4518,3634.51,vdo_trend_accel
2025-01-01T00:00:00Z,1735689600000,BUY,0.02776550,93669.60,3.9012,2600.78,vdo_trend_accel
2025-01-01T12:00:00Z,1735732800000,BUY,0.02674780,93538.12,3.7529,2501.94,vdo_trend_accel
2025-01-02T00:00:00Z,1735776000000,BUY,0.02128120,94686.40,3.0226,2015.04,vdo_trend
2025-01-07T20:00:00Z,1736280000000,SELL,0.67198187,96355.56,97.1238,64749.19,trailing_stop
2025-01-10T20:00:00Z,1736539200000,BUY,0.20384829,95422.42,29.1775,19451.70,vdo_trend_accel
2025-01-12T00:00:00Z,1736640000000,BUY,0.19128356,94694.61,27.1703,18113.52,vdo_trend_accel
2025-01-14T12:00:00Z,1736856000000,BUY,0.13570727,96644.61,19.6731,13115.38,vdo_trend_accel
2025-01-15T00:00:00Z,1736899200000,BUY,0.06689813,96657.43,9.6993,6466.20,vdo_trend_accel
2025-01-15T20:00:00Z,1736971200000,BUY,0.01153451,99944.78,1.7292,1152.81,vdo_trend
2025-01-16T16:00:00Z,1737043200000,BUY,0.02099263,99395.49,3.1299,2086.57,vdo_trend
2025-01-17T04:00:00Z,1737086400000,BUY,0.02859208,101152.81,4.3383,2892.17,vdo_trend
2025-01-23T12:00:00Z,1737633600000,SELL,0.65885648,101842.58,100.6495,67099.64,trailing_stop
2025-01-24T16:00:00Z,1737734400000,BUY,0.20214159,105965.88,32.1302,21420.11,vdo_trend_accel
2025-01-25T04:00:00Z,1737777600000,BUY,0.13502196,105307.63,21.3283,14218.84,vdo_trend_accel
2025-01-26T04:00:00Z,1737864000000,BUY,0.08300412,105167.50,13.0940,8729.34,vdo_trend
2025-01-26T16:00:00Z,1737907200000,BUY,0.13372542,105072.01,21.0762,14050.80,vdo_trend_accel
2025-01-29T12:00:00Z,1738152000000,BUY,0.04247099,102748.67,6.5458,4363.84,vdo_trend
2025-01-30T00:00:00Z,1738195200000,BUY,0.02066101,103837.01,3.2181,2145.38,vdo_trend_accel
2025-01-30T16:00:00Z,1738252800000,BUY,0.01175235,105669.58,1.8628,1241.87,vdo_trend
2025-01-31T04:00:00Z,1738296000000,BUY,0.00885731,104448.83,1.3877,925.14,vdo_trend
2025-02-02T20:00:00Z,1738526400000,SELL,0.63763476,98174.92,93.8996,62599.74,emergency_dd
2025-02-04T20:00:00Z,1738699200000,BUY,0.19340656,98958.66,28.7089,19139.26,vdo_trend_accel
2025-02-07T20:00:00Z,1738958400000,BUY,0.12114080,96995.48,17.6252,11750.11,vdo_trend
2025-02-10T12:00:00Z,1739188800000,BUY,0.09772874,97758.84,14.3308,9553.85,vdo_trend
2025-02-13T00:00:00Z,1739404800000,BUY,0.08117361,97967.89,11.9286,7952.41,vdo_trend_accel
2025-02-14T20:00:00Z,1739563200000,BUY,0.08463102,98038.40,12.4456,8297.09,vdo_trend_accel
2025-02-15T08:00:00Z,1739606400000,BUY,0.02219932,97443.64,3.2448,2163.18,vdo_trend
2025-02-15T20:00:00Z,1739649600000,BUY,0.01916582,97629.47,2.8067,1871.15,vdo_trend
2025-02-17T16:00:00Z,1739808000000,BUY,0.02435249,95755.13,3.4978,2331.88,vdo_dip_buy
2025-02-25T08:00:00Z,1740470400000,SELL,0.64379836,89230.71,86.1699,57446.59,emergency_dd
2025-02-26T12:00:00Z,1740571200000,BUY,0.23463602,88705.44,31.2202,20813.49,vdo_dip_buy
2025-02-27T00:00:00Z,1740614400000,BUY,0.24232474,84334.36,30.6545,20436.30,vdo_dip_buy
2025-02-27T20:00:00Z,1740686400000,BUY,0.08558149,84198.12,10.8087,7205.80,vdo_dip_buy
2025-02-28T04:00:00Z,1740715200000,SELL,0.56254224,80372.46,67.8194,45212.90,emergency_dd
2025-02-28T20:00:00Z,1740772800000,BUY,0.23219154,84534.47,29.4423,19628.19,vdo_trend_accel
2025-03-02T16:00:00Z,1740931200000,BUY,0.22685430,87515.45,29.7799,19853.26,vdo_trend_accel
2025-03-03T04:00:00Z,1740974400000,BUY,0.11382925,92802.71,15.8455,10563.66,vdo_trend
2025-03-03T16:00:00Z,1741017600000,BUY,0.02372063,90125.44,3.2067,2137.83,vdo_trend
2025-03-04T04:00:00Z,1741060800000,SELL,0.59659572,83899.77,75.0814,50054.24,emergency_dd
2025-03-04T20:00:00Z,1741118400000,BUY,0.14064334,88294.42,18.6270,12418.02,vdo_trend_accel
2025-03-05T12:00:00Z,1741176000000,BUY,0.20741461,89904.10,27.9711,18647.42,vdo_trend_accel
2025-03-06T00:00:00Z,1741219200000,BUY,0.15071030,90696.63,20.5034,13668.92,vdo_trend_accel
2025-03-06T12:00:00Z,1741262400000,BUY,0.06285877,91441.37,8.6218,5747.89,vdo_trend_accel
2025-03-07T00:00:00Z,1741305600000,BUY,0.01246071,90021.83,1.6826,1121.74,vdo_trend_accel
2025-03-10T20:00:00Z,1741636800000,SELL,0.57408774,78981.80,68.0137,45342.48,emergency_dd
2025-03-29T16:00:00Z,1743264000000,BUY,0.20102637,82496.65,24.8760,16584.00,vdo_dip_buy
2025-03-30T20:00:00Z,1743364800000,BUY,0.20063763,82631.37,24.8684,16578.96,vdo_dip_buy
2025-04-01T00:00:00Z,1743465600000,BUY,0.17065495,82632.57,21.1525,14101.66,vdo_trend_accel
2025-04-06T08:00:00Z,1743926400000,SELL,0.57231895,82941.97,71.2039,47469.26,trailing_stop
2025-04-21T04:00:00Z,1745208000000,BUY,0.10251719,87292.79,13.4235,8949.01,vdo_trend_accel
2025-04-21T16:00:00Z,1745251200000,BUY,0.10565272,88132.88,13.9672,9311.48,vdo_trend_accel
2025-04-22T04:00:00Z,1745294400000,BUY,0.18843166,88245.73,24.9424,16628.29,vdo_trend_accel
2025-04-23T00:00:00Z,1745366400000,BUY,0.03140988,93536.46,4.4070,2937.97,vdo_trend_accel
2025-05-01T08:00:00Z,1746086400000,BUY,0.07201158,95120.89,10.2747,6849.81,vdo_trend_accel
2025-05-01T20:00:00Z,1746129600000,BUY,0.01339933,96619.81,1.9420,1294.64,vdo_trend
2025-05-05T00:00:00Z,1746403200000,SELL,0.51342236,94183.36,72.5338,48355.84,trailing_stop
2025-05-06T20:00:00Z,1746561600000,BUY,0.18295897,95058.49,26.0877,17391.80,vdo_trend_accel
2025-05-07T08:00:00Z,1746604800000,BUY,0.18031156,97091.84,26.2602,17506.78,vdo_trend_accel
2025-05-07T20:00:00Z,1746648000000,BUY,0.13314513,96276.20,19.2281,12818.71,vdo_trend
2025-05-25T12:00:00Z,1748174400000,SELL,0.49641567,107152.76,79.7885,53192.31,trailing_stop
2025-06-02T16:00:00Z,1748880000000,BUY,0.13420339,104543.25,21.0451,14030.06,vdo_trend
2025-06-03T12:00:00Z,1748952000000,BUY,0.11395454,105392.55,18.0149,12009.96,vdo_trend_accel
2025-06-04T12:00:00Z,1749038400000,BUY,0.09984976,105189.47,15.7547,10503.14,vdo_trend
2025-06-07T04:00:00Z,1749268800000,BUY,0.06372707,104976.49,10.0348,6689.84,vdo_trend_accel
2025-06-08T04:00:00Z,1749355200000,BUY,0.02820747,105577.09,4.4671,2978.06,vdo_trend
2025-06-08T16:00:00Z,1749398400000,BUY,0.08173649,106090.54,13.0072,8671.47,vdo_compression
2025-07-15T08:00:00Z,1752566400000,SELL,0.52167873,116662.38,91.2904,60860.28,trailing_stop
2025-07-21T08:00:00Z,1753084800000,BUY,0.16797922,119483.57,30.1061,20070.76,vdo_trend_accel
2025-07-22T08:00:00Z,1753171200000,BUY,0.17943520,118101.70,31.7874,21191.60,vdo_trend_accel
2025-07-22T20:00:00Z,1753214400000,BUY,0.11086141,119401.42,19.8555,13237.01,vdo_trend_accel
2025-07-23T08:00:00Z,1753257600000,BUY,0.02394723,118468.73,4.2555,2837.00,vdo_trend
2025-07-27T16:00:00Z,1753632000000,BUY,0.01242616,118704.37,2.2126,1475.04,vdo_trend_accel
2025-08-01T20:00:00Z,1754078400000,SELL,0.49464922,113215.37,84.0028,56001.89,emergency_dd
2025-08-03T20:00:00Z,1754251200000,BUY,0.14824285,114427.53,25.4446,16963.06,vdo_trend_accel
2025-08-06T16:00:00Z,1754496000000,BUY,0.12744607,115529.31,22.0856,14723.76,vdo_trend_accel
2025-08-07T12:00:00Z,1754568000000,BUY,0.15266647,116636.09,26.7096,17806.42,vdo_trend_accel
2025-08-08T00:00:00Z,1754611200000,BUY,0.01457371,117589.52,2.5706,1713.72,vdo_trend
2025-08-10T04:00:00Z,1754798400000,BUY,0.05474483,118618.53,9.7406,6493.75,vdo_trend_accel
2025-08-15T16:00:00Z,1755273600000,SELL,0.49767393,117157.98,87.4597,58306.47,trailing_stop
2025-08-21T00:00:00Z,1755734400000,BUY,0.17831833,114385.53,30.5956,20397.04,vdo_trend_accel
2025-08-21T12:00:00Z,1755777600000,BUY,0.11548607,113261.83,19.6202,13080.16,vdo_trend
2025-08-22T04:00:00Z,1755835200000,BUY,0.17935786,113042.20,30.4125,20275.01,vdo_trend
2025-08-22T16:00:00Z,1755878400000,BUY,0.03759737,116487.15,6.5694,4379.61,vdo_trend_accel
2025-08-25T20:00:00Z,1756152000000,SELL,0.51075963,110605.44,84.7392,56492.79,emergency_dd
2025-08-26T16:00:00Z,1756224000000,BUY,0.18002624,109776.03,29.6439,19762.57,vdo_dip_buy
2025-08-27T04:00:00Z,1756267200000,BUY,0.17803125,111529.60,29.7836,19855.75,vdo_trend_accel
2025-08-27T16:00:00Z,1756310400000,BUY,0.07297361,112112.02,12.2718,8181.22,vdo_trend_accel
2025-08-28T08:00:00Z,1756368000000,BUY,0.02676755,113227.25,4.5462,3030.82,vdo_trend_accel
2025-08-29T16:00:00Z,1756483200000,BUY,0.02019148,108494.64,3.2860,2190.67,vdo_dip_buy
2025-08-30T08:00:00Z,1756540800000,BUY,0.02442701,108632.81,3.9804,2653.57,vdo_dip_buy
2025-09-01T04:00:00Z,1756699200000,SELL,0.50241714,107552.37,81.0542,54036.15,emergency_dd
2025-09-02T08:00:00Z,1756800000000,BUY,0.17337465,110344.17,28.6963,19130.88,vdo_trend_accel
2025-09-05T04:00:00Z,1757044800000,BUY,0.17213305,111423.12,28.7694,19179.60,vdo_trend_accel
2025-09-05T20:00:00Z,1757102400000,BUY,0.07075429,111726.18,11.8577,7905.11,vdo_trend_accel
2025-09-08T16:00:00Z,1757347200000,BUY,0.01645908,112744.40,2.7835,1855.67,vdo_trend_accel
2025-09-10T08:00:00Z,1757491200000,BUY,0.04998503,112666.23,8.4474,5631.62,vdo_trend_accel
2025-09-21T16:00:00Z,1758470400000,SELL,0.48270610,115416.12,83.5681,55712.06,trailing_stop
2025-09-24T12:00:00Z,1758715200000,BUY,0.17479989,113142.51,29.6659,19777.30,vdo_trend_accel
2025-09-26T08:00:00Z,1758873600000,BUY,0.17849698,109429.37,29.2992,19532.81,vdo_dip_buy
2025-09-26T20:00:00Z,1758916800000,BUY,0.09358238,109281.41,15.3402,10226.81,vdo_dip_buy
2025-09-27T08:00:00Z,1758960000000,BUY,0.03304681,109520.63,5.4290,3619.31,vdo_trend_accel
2025-09-28T00:00:00Z,1759017600000,BUY,0.01062464,109745.51,1.7490,1166.01,vdo_trend_accel
2025-10-10T20:00:00Z,1760126400000,SELL,0.49055070,116544.87,85.7568,57171.17,trailing_stop
2025-10-12T16:00:00Z,1760284800000,BUY,0.18283088,113311.43,31.0752,20716.83,vdo_trend_accel
2025-10-13T04:00:00Z,1760328000000,BUY,0.18099331,114935.98,31.2040,20802.64,vdo_trend_accel
2025-10-13T20:00:00Z,1760385600000,BUY,0.05860982,115908.66,10.1901,6793.39,vdo_trend_accel
2025-10-16T08:00:00Z,1760601600000,SELL,0.42243401,110473.65,70.0017,46667.83,emergency_dd
2025-10-19T04:00:00Z,1760846400000,BUY,0.18709256,107383.09,30.1359,20090.58,vdo_trend_accel
2025-10-20T08:00:00Z,1760947200000,BUY,0.05891883,111281.11,9.8348,6556.55,vdo_trend_accel
2025-10-20T20:00:00Z,1760990400000,BUY,0.08609582,110914.05,14.3239,9549.24,vdo_trend
2025-10-21T12:00:00Z,1761048000000,BUY,0.05944604,108688.61,9.6917,6461.11,vdo_trend
2025-10-23T16:00:00Z,1761235200000,BUY,0.04924466,110018.23,8.1267,5417.81,vdo_trend_accel
2025-10-24T04:00:00Z,1761278400000,BUY,0.02930409,110551.93,4.8594,3239.62,vdo_trend_accel
2025-10-24T16:00:00Z,1761321600000,BUY,0.02046694,110156.99,3.3819,2254.58,vdo_trend
2025-10-25T04:00:00Z,1761364800000,BUY,0.01035173,111141.05,1.7258,1150.50,vdo_trend
2025-10-30T16:00:00Z,1761840000000,SELL,0.50092067,107603.88,80.8515,53901.01,trailing_stop
2025-11-05T08:00:00Z,1762329600000,BUY,0.19341353,102095.05,29.6198,19746.56,vdo_dip_buy
2025-11-05T20:00:00Z,1762372800000,BUY,0.19081178,104112.12,29.7987,19865.82,vdo_trend_accel
2025-11-06T08:00:00Z,1762416000000,BUY,0.08770426,103287.96,13.5882,9058.79,vdo_trend_accel
2025-11-13T20:00:00Z,1763064000000,SELL,0.47192957,98583.47,69.7867,46524.46,emergency_dd
