bar_idx,replay_idx,close_time_iso,close_price,signal,target_exposure,action,order_status,fill_price,fill_qty
18162,0,2025-11-30T07:59Z,90968.16,none,,HOLD,,,
18163,1,2025-11-30T11:59Z,91048.78,none,,HOLD,,,
18164,2,2025-11-30T15:59Z,91435.31,none,,HOLD,,,
18165,3,2025-11-30T19:59Z,91460.79,none,,HOLD,,,
18166,4,2025-11-30T23:59Z,90360.0,none,,HOLD,,,
18167,5,2025-12-01T03:59Z,86346.13,none,,HOLD,,,
18168,6,2025-12-01T07:59Z,86550.3,none,,HOLD,,,
18169,7,2025-12-01T11:59Z,86149.15,none,,HOLD,,,
18170,8,2025-12-01T15:59Z,84677.87,none,,HOLD,,,
18171,9,2025-12-01T19:59Z,85024.5,none,,HOLD,,,
18172,10,2025-12-01T23:59Z,86286.01,none,,HOLD,,,
18173,11,2025-12-02T03:59Z,86976.99,none,,HOLD,,,
18174,12,2025-12-02T07:59Z,87012.65,none,,HOLD,,,
18175,13,2025-12-02T11:59Z,87368.92,none,,HOLD,,,
18176,14,2025-12-02T15:59Z,90850.01,none,,HOLD,,,
18177,15,2025-12-02T19:59Z,91903.39,none,,HOLD,,,
18178,16,2025-12-02T23:59Z,91277.88,none,,HOLD,,,
18179,17,2025-12-03T03:59Z,92628.91,none,,HOLD,,,
18180,18,2025-12-03T07:59Z,92999.99,none,,HOLD,,,
18181,19,2025-12-03T11:59Z,93005.68,none,,HOLD,,,
18182,20,2025-12-03T15:59Z,92373.3,none,,HOLD,,,
18183,21,2025-12-03T19:59Z,93024.99,none,,HOLD,,,
18184,22,2025-12-03T23:59Z,93429.95,none,,HOLD,,,
18185,23,2025-12-04T03:59Z,93543.04,none,,HOLD,,,
18186,24,2025-12-04T07:59Z,93397.67,none,,HOLD,,,
18187,25,2025-12-04T11:59Z,92948.31,none,,HOLD,,,
18188,26,2025-12-04T15:59Z,92971.49,none,,HOLD,,,
18189,27,2025-12-04T19:59Z,91975.44,none,,HOLD,,,
18190,28,2025-12-04T23:59Z,92078.06,none,,HOLD,,,
18191,29,2025-12-05T03:59Z,92142.75,none,,HOLD,,,
18192,30,2025-12-05T07:59Z,92258.65,none,,HOLD,,,
18193,31,2025-12-05T11:59Z,91351.43,none,,HOLD,,,
18194,32,2025-12-05T15:59Z,90459.35,none,,HOLD,,,
18195,33,2025-12-05T19:59Z,89629.26,none,,HOLD,,,
18196,34,2025-12-05T23:59Z,89330.04,none,,HOLD,,,
18197,35,2025-12-06T03:59Z,89688.35,none,,HOLD,,,
18198,36,2025-12-06T07:59Z,89597.13,none,,HOLD,,,
18199,37,2025-12-06T11:59Z,89631.28,none,,HOLD,,,
18200,38,2025-12-06T15:59Z,89758.77,none,,HOLD,,,
18201,39,2025-12-06T19:59Z,89405.64,none,,HOLD,,,
18202,40,2025-12-06T23:59Z,89236.79,none,,HOLD,,,
18203,41,2025-12-07T03:59Z,89722.37,none,,HOLD,,,
18204,42,2025-12-07T07:59Z,89379.72,none,,HOLD,,,
18205,43,2025-12-07T11:59Z,89149.18,none,,HOLD,,,
18206,44,2025-12-07T15:59Z,89554.52,none,,HOLD,,,
18207,45,2025-12-07T19:59Z,91425.52,none,,HOLD,,,
18208,46,2025-12-07T23:59Z,90395.31,none,,HOLD,,,
18209,47,2025-12-08T03:59Z,91068.29,none,,HOLD,,,
18210,48,2025-12-08T07:59Z,91565.46,none,,HOLD,,,
18211,49,2025-12-08T11:59Z,91968.29,none,,HOLD,,,
18212,50,2025-12-08T15:59Z,89961.37,none,,HOLD,,,
18213,51,2025-12-08T19:59Z,90124.48,none,,HOLD,,,
18214,52,2025-12-08T23:59Z,90634.34,none,,HOLD,,,
18215,53,2025-12-09T03:59Z,90405.01,none,,HOLD,,,
18216,54,2025-12-09T07:59Z,90496.8,none,,HOLD,,,
18217,55,2025-12-09T11:59Z,90384.55,none,,HOLD,,,
18218,56,2025-12-09T15:59Z,92707.51,none,,HOLD,,,
18219,57,2025-12-09T19:59Z,93800.83,none,,HOLD,,,
18220,58,2025-12-09T23:59Z,92678.8,none,,HOLD,,,
18221,59,2025-12-10T03:59Z,92410.62,none,,HOLD,,,
18222,60,2025-12-10T07:59Z,92782.91,none,,HOLD,,,
18223,61,2025-12-10T11:59Z,92120.45,none,,HOLD,,,
18224,62,2025-12-10T15:59Z,92063.69,none,,HOLD,,,
18225,63,2025-12-10T19:59Z,92957.67,none,,HOLD,,,
18226,64,2025-12-10T23:59Z,92015.37,none,,HOLD,,,
18227,65,2025-12-11T03:59Z,89880.01,none,,HOLD,,,
18228,66,2025-12-11T07:59Z,90272.75,none,,HOLD,,,
18229,67,2025-12-11T11:59Z,90242.35,none,,HOLD,,,
18230,68,2025-12-11T15:59Z,89872.51,none,,HOLD,,,
18231,69,2025-12-11T19:59Z,90839.81,none,,HOLD,,,
18232,70,2025-12-11T23:59Z,92513.38,none,,HOLD,,,
18233,71,2025-12-12T03:59Z,92283.4,none,,HOLD,,,
18234,72,2025-12-12T07:59Z,92425.34,none,,HOLD,,,
18235,73,2025-12-12T11:59Z,92418.19,none,,HOLD,,,
18236,74,2025-12-12T15:59Z,89935.14,none,,HOLD,,,
18237,75,2025-12-12T19:59Z,90198.22,none,,HOLD,,,
18238,76,2025-12-12T23:59Z,90268.42,none,,HOLD,,,
18239,77,2025-12-13T03:59Z,90345.54,none,,HOLD,,,
18240,78,2025-12-13T07:59Z,90329.97,none,,HOLD,,,
18241,79,2025-12-13T11:59Z,90330.36,none,,HOLD,,,
18242,80,2025-12-13T15:59Z,90092.16,none,,HOLD,,,
18243,81,2025-12-13T19:59Z,90178.16,none,,HOLD,,,
18244,82,2025-12-13T23:59Z,90240.01,none,,HOLD,,,
18245,83,2025-12-14T03:59Z,90258.98,none,,HOLD,,,
18246,84,2025-12-14T07:59Z,90245.6,none,,HOLD,,,
18247,85,2025-12-14T11:59Z,89360.0,none,,HOLD,,,
18248,86,2025-12-14T15:59Z,89022.91,none,,HOLD,,,
18249,87,2025-12-14T19:59Z,88644.88,none,,HOLD,,,
18250,88,2025-12-14T23:59Z,88172.17,none,,HOLD,,,
18251,89,2025-12-15T03:59Z,89282.6,none,,HOLD,,,
18252,90,2025-12-15T07:59Z,89753.42,none,,HOLD,,,
18253,91,2025-12-15T11:59Z,89641.28,none,,HOLD,,,
18254,92,2025-12-15T15:59Z,87033.22,none,,HOLD,,,
18255,93,2025-12-15T19:59Z,86149.96,none,,HOLD,,,
18256,94,2025-12-15T23:59Z,86432.08,none,,HOLD,,,
18257,95,2025-12-16T03:59Z,85875.92,none,,HOLD,,,
18258,96,2025-12-16T07:59Z,86021.51,none,,HOLD,,,
18259,97,2025-12-16T11:59Z,87261.45,none,,HOLD,,,
18260,98,2025-12-16T15:59Z,87977.43,none,,HOLD,,,
18261,99,2025-12-16T19:59Z,87585.77,none,,HOLD,,,
18262,100,2025-12-16T23:59Z,87863.42,none,,HOLD,,,
18263,101,2025-12-17T03:59Z,87213.59,none,,HOLD,,,
18264,102,2025-12-17T07:59Z,87045.59,none,,HOLD,,,
18265,103,2025-12-17T11:59Z,86983.26,none,,HOLD,,,
18266,104,2025-12-17T15:59Z,87233.44,none,,HOLD,,,
18267,105,2025-12-17T19:59Z,86018.53,none,,HOLD,,,
18268,106,2025-12-17T23:59Z,86243.22,none,,HOLD,,,
18269,107,2025-12-18T03:59Z,86618.34,none,,HOLD,,,
18270,108,2025-12-18T07:59Z,86833.84,none,,HOLD,,,
18271,109,2025-12-18T11:59Z,87300.74,none,,HOLD,,,
18272,110,2025-12-18T15:59Z,88513.44,none,,HOLD,,,
18273,111,2025-12-18T19:59Z,84483.79,none,,HOLD,,,
18274,112,2025-12-18T23:59Z,85516.41,none,,HOLD,,,
18275,113,2025-12-19T03:59Z,86891.39,none,,HOLD,,,
18276,114,2025-12-19T07:59Z,87953.4,none,,HOLD,,,
18277,115,2025-12-19T11:59Z,88198.7,none,,HOLD,,,
18278,116,2025-12-19T15:59Z,87951.87,none,,HOLD,,,
18279,117,2025-12-19T19:59Z,87845.92,none,,HOLD,,,
18280,118,2025-12-19T23:59Z,88136.94,none,,HOLD,,,
18281,119,2025-12-20T03:59Z,88214.98,none,,HOLD,,,
18282,120,2025-12-20T07:59Z,88275.41,none,,HOLD,,,
18283,121,2025-12-20T11:59Z,88277.66,none,,HOLD,,,
18284,122,2025-12-20T15:59Z,88178.71,none,,HOLD,,,
18285,123,2025-12-20T19:59Z,88232.92,none,,HOLD,,,
18286,124,2025-12-20T23:59Z,88360.9,none,,HOLD,,,
18287,125,2025-12-21T03:59Z,88070.64,none,,HOLD,,,
18288,126,2025-12-21T07:59Z,88174.79,none,,HOLD,,,
18289,127,2025-12-21T11:59Z,88601.57,none,,HOLD,,,
18290,128,2025-12-21T15:59Z,88067.95,none,,HOLD,,,
18291,129,2025-12-21T19:59Z,88484.01,none,,HOLD,,,
18292,130,2025-12-21T23:59Z,88658.86,none,,HOLD,,,
18293,131,2025-12-22T03:59Z,88774.12,none,,HOLD,,,
18294,132,2025-12-22T07:59Z,89170.1,none,,HOLD,,,
18295,133,2025-12-22T11:59Z,89945.43,none,,HOLD,,,
18296,134,2025-12-22T15:59Z,89726.92,none,,HOLD,,,
18297,135,2025-12-22T19:59Z,88052.43,none,,HOLD,,,
18298,136,2025-12-22T23:59Z,88620.79,none,,HOLD,,,
18299,137,2025-12-23T03:59Z,88170.0,none,,HOLD,,,
18300,138,2025-12-23T07:59Z,87574.79,none,,HOLD,,,
18301,139,2025-12-23T11:59Z,87856.65,none,,HOLD,,,
18302,140,2025-12-23T15:59Z,87443.45,none,,HOLD,,,
18303,141,2025-12-23T19:59Z,87752.87,none,,HOLD,,,
18304,142,2025-12-23T23:59Z,87486.0,none,,HOLD,,,
18305,143,2025-12-24T03:59Z,87336.23,none,,HOLD,,,
18306,144,2025-12-24T07:59Z,86911.53,none,,HOLD,,,
18307,145,2025-12-24T11:59Z,87203.94,none,,HOLD,,,
18308,146,2025-12-24T15:59Z,87049.99,none,,HOLD,,,
18309,147,2025-12-24T19:59Z,87566.06,none,,HOLD,,,
18310,148,2025-12-24T23:59Z,87669.45,none,,HOLD,,,
18311,149,2025-12-25T03:59Z,87840.42,none,,HOLD,,,
18312,150,2025-12-25T07:59Z,87837.59,none,,HOLD,,,
18313,151,2025-12-25T11:59Z,87519.44,none,,HOLD,,,
18314,152,2025-12-25T15:59Z,88371.27,none,,HOLD,,,
18315,153,2025-12-25T19:59Z,88151.18,none,,HOLD,,,
18316,154,2025-12-25T23:59Z,87225.27,none,,HOLD,,,
18317,155,2025-12-26T03:59Z,88844.87,none,,HOLD,,,
18318,156,2025-12-26T07:59Z,88470.75,none,,HOLD,,,
18319,157,2025-12-26T11:59Z,88533.42,none,,HOLD,,,
18320,158,2025-12-26T15:59Z,87137.81,none,,HOLD,,,
18321,159,2025-12-26T19:59Z,87501.83,none,,HOLD,,,
18322,160,2025-12-26T23:59Z,87369.56,none,,HOLD,,,
18323,161,2025-12-27T03:59Z,87514.22,none,,HOLD,,,
18324,162,2025-12-27T07:59Z,87539.26,none,,HOLD,,,
18325,163,2025-12-27T11:59Z,87475.98,none,,HOLD,,,
18326,164,2025-12-27T15:59Z,87551.25,none,,HOLD,,,
18327,165,2025-12-27T19:59Z,87569.39,none,,HOLD,,,
18328,166,2025-12-27T23:59Z,87877.01,none,,HOLD,,,
18329,167,2025-12-28T03:59Z,87740.01,none,,HOLD,,,
18330,168,2025-12-28T07:59Z,87730.85,none,,HOLD,,,
18331,169,2025-12-28T11:59Z,87883.25,none,,HOLD,,,
18332,170,2025-12-28T15:59Z,87836.27,none,,HOLD,,,
18333,171,2025-12-28T19:59Z,87520.75,none,,HOLD,,,
18334,172,2025-12-28T23:59Z,87952.71,none,,HOLD,,,
18335,173,2025-12-29T03:59Z,90123.55,none,,HOLD,,,
18336,174,2025-12-29T07:59Z,89617.71,none,,HOLD,,,
18337,175,2025-12-29T11:59Z,87567.66,none,,HOLD,,,
18338,176,2025-12-29T15:59Z,87691.62,none,,HOLD,,,
18339,177,2025-12-29T19:59Z,87366.23,none,,HOLD,,,
18340,178,2025-12-29T23:59Z,87237.13,none,,HOLD,,,
18341,179,2025-12-30T03:59Z,87379.0,none,,HOLD,,,
18342,180,2025-12-30T07:59Z,87502.85,none,,HOLD,,,
18343,181,2025-12-30T11:59Z,87903.89,none,,HOLD,,,
18344,182,2025-12-30T15:59Z,89016.35,none,,HOLD,,,
18345,183,2025-12-30T19:59Z,88226.16,none,,HOLD,,,
18346,184,2025-12-30T23:59Z,88485.49,none,,HOLD,,,
18347,185,2025-12-31T03:59Z,88453.04,none,,HOLD,,,
18348,186,2025-12-31T07:59Z,88613.12,none,,HOLD,,,
18349,187,2025-12-31T11:59Z,89011.52,none,,HOLD,,,
18350,188,2025-12-31T15:59Z,87953.97,none,,HOLD,,,
18351,189,2025-12-31T19:59Z,87541.85,none,,HOLD,,,
18352,190,2025-12-31T23:59Z,87648.22,none,,HOLD,,,
18353,191,2026-01-01T03:59Z,87846.02,none,,HOLD,,,
18354,192,2026-01-01T07:59Z,87631.88,none,,HOLD,,,
18355,193,2026-01-01T11:59Z,88024.64,none,,HOLD,,,
18356,194,2026-01-01T15:59Z,88032.18,none,,HOLD,,,
18357,195,2026-01-01T19:59Z,88391.15,none,,HOLD,,,
18358,196,2026-01-01T23:59Z,88839.04,none,,HOLD,,,
18359,197,2026-01-02T03:59Z,88950.65,none,,HOLD,,,
18360,198,2026-01-02T07:59Z,88857.61,none,,HOLD,,,
18361,199,2026-01-02T11:59Z,89502.95,none,,HOLD,,,
18362,200,2026-01-02T15:59Z,89418.11,none,,HOLD,,,
18363,201,2026-01-02T19:59Z,89897.23,none,,HOLD,,,
18364,202,2026-01-02T23:59Z,89995.13,none,,HOLD,,,
18365,203,2026-01-03T03:59Z,90321.22,vtrend_e5_ema21_d1_entry,1.0,BUY,FILLED,68212.13,0.00016
18366,204,2026-01-03T07:59Z,89577.13,none,,HOLD,,,
18367,205,2026-01-03T11:59Z,89752.74,none,,HOLD,,,
18368,206,2026-01-03T15:59Z,89969.31,none,,HOLD,,,
18369,207,2026-01-03T19:59Z,90123.77,none,,HOLD,,,
18370,208,2026-01-03T23:59Z,90628.01,none,,HOLD,,,
18371,209,2026-01-04T03:59Z,91236.78,none,,HOLD,,,
18372,210,2026-01-04T07:59Z,91532.0,none,,HOLD,,,
18373,211,2026-01-04T11:59Z,91300.0,none,,HOLD,,,
18374,212,2026-01-04T15:59Z,91334.94,none,,HOLD,,,
18375,213,2026-01-04T19:59Z,91138.07,none,,HOLD,,,
18376,214,2026-01-04T23:59Z,91529.73,none,,HOLD,,,
18377,215,2026-01-05T03:59Z,92878.22,none,,HOLD,,,
18378,216,2026-01-05T07:59Z,92520.63,none,,HOLD,,,
18379,217,2026-01-05T11:59Z,93134.26,none,,HOLD,,,
18380,218,2026-01-05T15:59Z,93957.73,none,,HOLD,,,
18381,219,2026-01-05T19:59Z,94303.4,none,,HOLD,,,
18382,220,2026-01-05T23:59Z,93859.71,none,,HOLD,,,
18383,221,2026-01-06T03:59Z,93769.24,none,,HOLD,,,
18384,222,2026-01-06T07:59Z,93255.08,none,,HOLD,,,
18385,223,2026-01-06T11:59Z,93840.0,none,,HOLD,,,
18386,224,2026-01-06T15:59Z,93648.99,none,,HOLD,,,
18387,225,2026-01-06T19:59Z,92104.5,none,,HOLD,,,
18388,226,2026-01-06T23:59Z,93747.97,none,,HOLD,,,
18389,227,2026-01-07T03:59Z,92815.83,none,,HOLD,,,
18390,228,2026-01-07T07:59Z,92879.13,none,,HOLD,,,
18391,229,2026-01-07T11:59Z,92087.21,none,,HOLD,,,
18392,230,2026-01-07T15:59Z,91349.96,vtrend_e5_ema21_d1_trail_stop,0.0,SELL,FILLED,68189.88,0.00016
18393,231,2026-01-07T19:59Z,91186.07,none,,HOLD,,,
18394,232,2026-01-07T23:59Z,91364.16,none,,HOLD,,,
18395,233,2026-01-08T03:59Z,90813.4,none,,HOLD,,,
18396,234,2026-01-08T07:59Z,90548.02,none,,HOLD,,,
18397,235,2026-01-08T11:59Z,90226.77,none,,HOLD,,,
18398,236,2026-01-08T15:59Z,90781.57,none,,HOLD,,,
18399,237,2026-01-08T19:59Z,90937.41,none,,HOLD,,,
18400,238,2026-01-08T23:59Z,91099.99,vtrend_e5_ema21_d1_entry,1.0,BUY,FILLED,68189.89,0.00016
18401,239,2026-01-09T03:59Z,91220.23,none,,HOLD,,,
18402,240,2026-01-09T07:59Z,90741.84,none,,HOLD,,,
18403,241,2026-01-09T11:59Z,90463.11,none,,HOLD,,,
18404,242,2026-01-09T15:59Z,91176.47,none,,HOLD,,,
18405,243,2026-01-09T19:59Z,90332.15,none,,HOLD,,,
18406,244,2026-01-09T23:59Z,90641.28,none,,HOLD,,,
18407,245,2026-01-10T03:59Z,90626.14,none,,HOLD,,,
18408,246,2026-01-10T07:59Z,90678.5,none,,HOLD,,,
18409,247,2026-01-10T11:59Z,90723.86,none,,HOLD,,,
18410,248,2026-01-10T15:59Z,90665.75,none,,HOLD,,,
18411,249,2026-01-10T19:59Z,90626.54,none,,HOLD,,,
18412,250,2026-01-10T23:59Z,90504.7,none,,HOLD,,,
18413,251,2026-01-11T03:59Z,90733.5,none,,HOLD,,,
18414,252,2026-01-11T07:59Z,90710.79,none,,HOLD,,,
18415,253,2026-01-11T11:59Z,90754.99,none,,HOLD,,,
18416,254,2026-01-11T15:59Z,90875.79,none,,HOLD,,,
18417,255,2026-01-11T19:59Z,90690.8,none,,HOLD,,,
18418,256,2026-01-11T23:59Z,91013.65,none,,HOLD,,,
18419,257,2026-01-12T03:59Z,91808.12,none,,HOLD,,,
18420,258,2026-01-12T07:59Z,91408.09,none,,HOLD,,,
18421,259,2026-01-12T11:59Z,90620.96,none,,HOLD,,,
18422,260,2026-01-12T15:59Z,91665.0,none,,HOLD,,,
18423,261,2026-01-12T19:59Z,91861.27,none,,HOLD,,,
18424,262,2026-01-12T23:59Z,91296.2,none,,HOLD,,,
18425,263,2026-01-13T03:59Z,91408.91,none,,HOLD,,,
18426,264,2026-01-13T07:59Z,91942.0,none,,HOLD,,,
18427,265,2026-01-13T11:59Z,92000.74,none,,HOLD,,,
18428,266,2026-01-13T15:59Z,93449.99,none,,HOLD,,,
18429,267,2026-01-13T19:59Z,94226.84,none,,HOLD,,,
18430,268,2026-01-13T23:59Z,95414.0,none,,HOLD,,,
18431,269,2026-01-14T03:59Z,95720.99,none,,HOLD,,,
18432,270,2026-01-14T07:59Z,95205.1,none,,HOLD,,,
18433,271,2026-01-14T11:59Z,94792.99,none,,HOLD,,,
18434,272,2026-01-14T15:59Z,96764.57,none,,HOLD,,,
18435,273,2026-01-14T19:59Z,97267.42,none,,HOLD,,,
18436,274,2026-01-14T23:59Z,96951.78,none,,HOLD,,,
18437,275,2026-01-15T03:59Z,95985.1,none,,HOLD,,,
18438,276,2026-01-15T07:59Z,96630.48,none,,HOLD,,,
18439,277,2026-01-15T11:59Z,96581.08,none,,HOLD,,,
18440,278,2026-01-15T15:59Z,96737.04,none,,HOLD,,,
18441,279,2026-01-15T19:59Z,95516.01,none,,HOLD,,,
18442,280,2026-01-15T23:59Z,95604.8,none,,HOLD,,,
18443,281,2026-01-16T03:59Z,95354.69,none,,HOLD,,,
18444,282,2026-01-16T07:59Z,95653.16,none,,HOLD,,,
18445,283,2026-01-16T11:59Z,95429.09,none,,HOLD,,,
18446,284,2026-01-16T15:59Z,94585.98,none,,HOLD,,,
18447,285,2026-01-16T19:59Z,95002.09,none,,HOLD,,,
18448,286,2026-01-16T23:59Z,95550.94,none,,HOLD,,,
18449,287,2026-01-17T03:59Z,95372.95,none,,HOLD,,,
18450,288,2026-01-17T07:59Z,95101.67,none,,HOLD,,,
18451,289,2026-01-17T11:59Z,95323.86,none,,HOLD,,,
18452,290,2026-01-17T15:59Z,95573.64,none,,HOLD,,,
18453,291,2026-01-17T19:59Z,95291.38,none,,HOLD,,,
18454,292,2026-01-17T23:59Z,95147.77,none,,HOLD,,,
18455,293,2026-01-18T03:59Z,95200.29,none,,HOLD,,,
18456,294,2026-01-18T07:59Z,95028.27,none,,HOLD,,,
18457,295,2026-01-18T11:59Z,95168.06,none,,HOLD,,,
18458,296,2026-01-18T15:59Z,95119.28,none,,HOLD,,,
18459,297,2026-01-18T19:59Z,95380.99,none,,HOLD,,,
18460,298,2026-01-18T23:59Z,93673.14,vtrend_e5_ema21_d1_trail_stop,0.0,SELL,FILLED,68181.08,0.00016
18461,299,2026-01-19T03:59Z,92690.09,none,,HOLD,,,
18462,300,2026-01-19T07:59Z,92841.62,none,,HOLD,,,
18463,301,2026-01-19T11:59Z,93191.96,vtrend_e5_ema21_d1_entry,1.0,BUY,FILLED,68181.09,0.00016
18464,302,2026-01-19T15:59Z,93068.62,none,,HOLD,,,
18465,303,2026-01-19T19:59Z,93105.85,none,,HOLD,,,
18466,304,2026-01-19T23:59Z,92631.0,none,,HOLD,,,
18467,305,2026-01-20T03:59Z,92434.92,none,,HOLD,,,
18468,306,2026-01-20T07:59Z,91177.98,none,,HOLD,,,
18469,307,2026-01-20T11:59Z,91218.99,none,,HOLD,,,
18470,308,2026-01-20T15:59Z,90684.95,none,,HOLD,,,
18471,309,2026-01-20T19:59Z,89725.76,vtrend_e5_ema21_d1_trail_stop,0.0,SELL,FILLED,68181.08,0.00016
18472,310,2026-01-20T23:59Z,88427.66,none,,HOLD,,,
18473,311,2026-01-21T03:59Z,89432.33,none,,HOLD,,,
18474,312,2026-01-21T07:59Z,89213.95,none,,HOLD,,,
18475,313,2026-01-21T11:59Z,88789.99,none,,HOLD,,,
18476,314,2026-01-21T15:59Z,90288.04,none,,HOLD,,,
18477,315,2026-01-21T19:59Z,90355.56,none,,HOLD,,,
18478,316,2026-01-21T23:59Z,89454.73,none,,HOLD,,,
18479,317,2026-01-22T03:59Z,89899.51,none,,HOLD,,,
18480,318,2026-01-22T07:59Z,89818.79,none,,HOLD,,,
18481,319,2026-01-22T11:59Z,89941.26,none,,HOLD,,,
18482,320,2026-01-22T15:59Z,89000.01,none,,HOLD,,,
18483,321,2026-01-22T19:59Z,89777.9,none,,HOLD,,,
18484,322,2026-01-22T23:59Z,89559.67,none,,HOLD,,,
18485,323,2026-01-23T03:59Z,89924.78,none,,HOLD,,,
18486,324,2026-01-23T07:59Z,89549.45,none,,HOLD,,,
18487,325,2026-01-23T11:59Z,89202.48,none,,HOLD,,,
18488,326,2026-01-23T15:59Z,89761.61,none,,HOLD,,,
18489,327,2026-01-23T19:59Z,89982.79,none,,HOLD,,,
18490,328,2026-01-23T23:59Z,89600.26,none,,HOLD,,,
18491,329,2026-01-24T03:59Z,89770.02,none,,HOLD,,,
18492,330,2026-01-24T07:59Z,89620.1,none,,HOLD,,,
18493,331,2026-01-24T11:59Z,89595.4,none,,HOLD,,,
18494,332,2026-01-24T15:59Z,89275.77,none,,HOLD,,,
18495,333,2026-01-24T19:59Z,89331.36,none,,HOLD,,,
18496,334,2026-01-24T23:59Z,89225.34,none,,HOLD,,,
18497,335,2026-01-25T03:59Z,88960.35,none,,HOLD,,,
18498,336,2026-01-25T07:59Z,88659.99,none,,HOLD,,,
18499,337,2026-01-25T11:59Z,88570.17,none,,HOLD,,,
18500,338,2026-01-25T15:59Z,88446.5,none,,HOLD,,,
18501,339,2026-01-25T19:59Z,86495.16,none,,HOLD,,,
18502,340,2026-01-25T23:59Z,86670.36,none,,HOLD,,,
18503,341,2026-01-26T03:59Z,87282.05,none,,HOLD,,,
18504,342,2026-01-26T07:59Z,88000.64,none,,HOLD,,,
18505,343,2026-01-26T11:59Z,87855.0,none,,HOLD,,,
18506,344,2026-01-26T15:59Z,87641.41,none,,HOLD,,,
18507,345,2026-01-26T19:59Z,88013.19,none,,HOLD,,,
18508,346,2026-01-26T23:59Z,88347.08,none,,HOLD,,,
18509,347,2026-01-27T03:59Z,88788.0,none,,HOLD,,,
18510,348,2026-01-27T07:59Z,88320.41,none,,HOLD,,,
18511,349,2026-01-27T11:59Z,87992.74,none,,HOLD,,,
18512,350,2026-01-27T15:59Z,88047.46,none,,HOLD,,,
18513,351,2026-01-27T19:59Z,88408.77,none,,HOLD,,,
18514,352,2026-01-27T23:59Z,89250.0,none,,HOLD,,,
18515,353,2026-01-28T03:59Z,89126.67,none,,HOLD,,,
18516,354,2026-01-28T07:59Z,89134.35,none,,HOLD,,,
18517,355,2026-01-28T11:59Z,90080.0,none,,HOLD,,,
18518,356,2026-01-28T15:59Z,89479.66,none,,HOLD,,,
18519,357,2026-01-28T19:59Z,89402.58,none,,HOLD,,,
18520,358,2026-01-28T23:59Z,89299.99,none,,HOLD,,,
18521,359,2026-01-29T03:59Z,88053.71,none,,HOLD,,,
18522,360,2026-01-29T07:59Z,88352.97,none,,HOLD,,,
18523,361,2026-01-29T11:59Z,87846.5,none,,HOLD,,,
18524,362,2026-01-29T15:59Z,84934.02,none,,HOLD,,,
18525,363,2026-01-29T19:59Z,84012.11,none,,HOLD,,,
18526,364,2026-01-29T23:59Z,84650.16,none,,HOLD,,,
18527,365,2026-01-30T03:59Z,82676.43,none,,HOLD,,,
18528,366,2026-01-30T07:59Z,82816.98,none,,HOLD,,,
18529,367,2026-01-30T11:59Z,83151.36,none,,HOLD,,,
18530,368,2026-01-30T15:59Z,82883.94,none,,HOLD,,,
18531,369,2026-01-30T19:59Z,84242.99,none,,HOLD,,,
18532,370,2026-01-30T23:59Z,84260.49,none,,HOLD,,,
18533,371,2026-01-31T03:59Z,84022.69,none,,HOLD,,,
18534,372,2026-01-31T07:59Z,83546.81,none,,HOLD,,,
18535,373,2026-01-31T11:59Z,83020.0,none,,HOLD,,,
18536,374,2026-01-31T15:59Z,81302.15,none,,HOLD,,,
18537,375,2026-01-31T19:59Z,77750.01,none,,HOLD,,,
18538,376,2026-01-31T23:59Z,78741.09,none,,HOLD,,,
18539,377,2026-02-01T03:59Z,78868.28,none,,HOLD,,,
18540,378,2026-02-01T07:59Z,78343.0,none,,HOLD,,,
18541,379,2026-02-01T11:59Z,78743.56,none,,HOLD,,,
18542,380,2026-02-01T15:59Z,77593.4,none,,HOLD,,,
18543,381,2026-02-01T19:59Z,77174.78,none,,HOLD,,,
18544,382,2026-02-01T23:59Z,76968.21,none,,HOLD,,,
18545,383,2026-02-02T03:59Z,76292.98,none,,HOLD,,,
18546,384,2026-02-02T07:59Z,76660.79,none,,HOLD,,,
18547,385,2026-02-02T11:59Z,77759.99,none,,HOLD,,,
18548,386,2026-02-02T15:59Z,78850.06,none,,HOLD,,,
18549,387,2026-02-02T19:59Z,78341.5,none,,HOLD,,,
18550,388,2026-02-02T23:59Z,78738.61,none,,HOLD,,,
18551,389,2026-02-03T03:59Z,78753.32,none,,HOLD,,,
18552,390,2026-02-03T07:59Z,78794.67,none,,HOLD,,,
18553,391,2026-02-03T11:59Z,78079.5,none,,HOLD,,,
18554,392,2026-02-03T15:59Z,78132.33,none,,HOLD,,,
18555,393,2026-02-03T19:59Z,74935.0,none,,HOLD,,,
18556,394,2026-02-03T23:59Z,75770.21,none,,HOLD,,,
18557,395,2026-02-04T03:59Z,76698.17,none,,HOLD,,,
18558,396,2026-02-04T07:59Z,76514.3,none,,HOLD,,,
18559,397,2026-02-04T11:59Z,76017.25,none,,HOLD,,,
18560,398,2026-02-04T15:59Z,74136.36,none,,HOLD,,,
18561,399,2026-02-04T19:59Z,73923.29,none,,HOLD,,,
18562,400,2026-02-04T23:59Z,73165.83,none,,HOLD,,,
18563,401,2026-02-05T03:59Z,71223.25,none,,HOLD,,,
18564,402,2026-02-05T07:59Z,70756.85,none,,HOLD,,,
18565,403,2026-02-05T11:59Z,70318.35,none,,HOLD,,,
18566,404,2026-02-05T15:59Z,67489.07,none,,HOLD,,,
18567,405,2026-02-05T19:59Z,65265.65,none,,HOLD,,,
18568,406,2026-02-05T23:59Z,62909.86,none,,HOLD,,,
18569,407,2026-02-06T03:59Z,64168.33,none,,HOLD,,,
18570,408,2026-02-06T07:59Z,64856.0,none,,HOLD,,,
18571,409,2026-02-06T11:59Z,66631.32,none,,HOLD,,,
18572,410,2026-02-06T15:59Z,68626.0,none,,HOLD,,,
18573,411,2026-02-06T19:59Z,70731.46,none,,HOLD,,,
18574,412,2026-02-06T23:59Z,70580.26,none,,HOLD,,,
18575,413,2026-02-07T03:59Z,70918.99,none,,HOLD,,,
18576,414,2026-02-07T07:59Z,68087.14,none,,HOLD,,,
18577,415,2026-02-07T11:59Z,67972.65,none,,HOLD,,,
18578,416,2026-02-07T15:59Z,69151.5,none,,HOLD,,,
18579,417,2026-02-07T19:59Z,69373.61,none,,HOLD,,,
18580,418,2026-02-07T23:59Z,69289.38,none,,HOLD,,,
18581,419,2026-02-08T03:59Z,69099.99,none,,HOLD,,,
18582,420,2026-02-08T07:59Z,69710.69,none,,HOLD,,,
18583,421,2026-02-08T11:59Z,70999.98,none,,HOLD,,,
18584,422,2026-02-08T15:59Z,71188.99,none,,HOLD,,,
18585,423,2026-02-08T19:59Z,71422.97,none,,HOLD,,,
18586,424,2026-02-08T23:59Z,70330.38,none,,HOLD,,,
18587,425,2026-02-09T03:59Z,71307.56,none,,HOLD,,,
18588,426,2026-02-09T07:59Z,70422.59,none,,HOLD,,,
18589,427,2026-02-09T11:59Z,68928.72,none,,HOLD,,,
18590,428,2026-02-09T15:59Z,69563.37,none,,HOLD,,,
18591,429,2026-02-09T19:59Z,70957.01,none,,HOLD,,,
18592,430,2026-02-09T23:59Z,70138.0,none,,HOLD,,,
18593,431,2026-02-10T03:59Z,69511.83,none,,HOLD,,,
18594,432,2026-02-10T07:59Z,68919.66,none,,HOLD,,,
18595,433,2026-02-10T11:59Z,68535.01,none,,HOLD,,,
18596,434,2026-02-10T15:59Z,69293.37,none,,HOLD,,,
18597,435,2026-02-10T19:59Z,69062.01,none,,HOLD,,,
18598,436,2026-02-10T23:59Z,68841.29,none,,HOLD,,,
18599,437,2026-02-11T03:59Z,68187.99,none,,HOLD,,,
18600,438,2026-02-11T07:59Z,67032.72,none,,HOLD,,,
18601,439,2026-02-11T11:59Z,67053.03,none,,HOLD,,,
18602,440,2026-02-11T15:59Z,66519.73,none,,HOLD,,,
18603,441,2026-02-11T19:59Z,67586.67,none,,HOLD,,,
18604,442,2026-02-11T23:59Z,67082.52,none,,HOLD,,,
18605,443,2026-02-12T03:59Z,67580.99,none,,HOLD,,,
18606,444,2026-02-12T07:59Z,67217.72,none,,HOLD,,,
18607,445,2026-02-12T11:59Z,68076.01,none,,HOLD,,,
18608,446,2026-02-12T15:59Z,67134.74,none,,HOLD,,,
18609,447,2026-02-12T19:59Z,65788.36,none,,HOLD,,,
18610,448,2026-02-12T23:59Z,66272.17,none,,HOLD,,,
18611,449,2026-02-13T03:59Z,66553.08,none,,HOLD,,,
18612,450,2026-02-13T07:59Z,66208.96,none,,HOLD,,,
18613,451,2026-02-13T11:59Z,67171.42,none,,HOLD,,,
18614,452,2026-02-13T15:59Z,68692.12,none,,HOLD,,,
18615,453,2026-02-13T19:59Z,68938.91,none,,HOLD,,,
18616,454,2026-02-13T23:59Z,68853.96,none,,HOLD,,,
18617,455,2026-02-14T03:59Z,68981.99,none,,HOLD,,,
18618,456,2026-02-14T07:59Z,69219.26,none,,HOLD,,,
18619,457,2026-02-14T11:59Z,70505.74,none,,HOLD,,,
18620,458,2026-02-14T15:59Z,69778.28,none,,HOLD,,,
18621,459,2026-02-14T19:59Z,69873.99,none,,HOLD,,,
18622,460,2026-02-14T23:59Z,69822.95,none,,HOLD,,,
18623,461,2026-02-15T03:59Z,69954.5,none,,HOLD,,,
18624,462,2026-02-15T07:59Z,70828.42,none,,HOLD,,,
18625,463,2026-02-15T11:59Z,70295.22,none,,HOLD,,,
18626,464,2026-02-15T15:59Z,69099.99,none,,HOLD,,,
18627,465,2026-02-15T19:59Z,68286.63,none,,HOLD,,,
18628,466,2026-02-15T23:59Z,68832.58,none,,HOLD,,,
18629,467,2026-02-16T03:59Z,68424.82,none,,HOLD,,,
18630,468,2026-02-16T07:59Z,68587.9,none,,HOLD,,,
18631,469,2026-02-16T11:59Z,68812.83,none,,HOLD,,,
18632,470,2026-02-16T15:59Z,67539.52,none,,HOLD,,,
18633,471,2026-02-16T19:59Z,67913.43,none,,HOLD,,,
18634,472,2026-02-16T23:59Z,68892.43,none,,HOLD,,,
18635,473,2026-02-17T03:59Z,68474.9,none,,HOLD,,,
18636,474,2026-02-17T07:59Z,68388.12,none,,HOLD,,,
18637,475,2026-02-17T11:59Z,67854.6,none,,HOLD,,,
18638,476,2026-02-17T15:59Z,67392.05,none,,HOLD,,,
18639,477,2026-02-17T19:59Z,67793.32,none,,HOLD,,,
18640,478,2026-02-17T23:59Z,67503.52,none,,HOLD,,,
18641,479,2026-02-18T03:59Z,67629.11,none,,HOLD,,,
18642,480,2026-02-18T07:59Z,68106.44,none,,HOLD,,,
18643,481,2026-02-18T11:59Z,67369.75,none,,HOLD,,,
18644,482,2026-02-18T15:59Z,67694.01,none,,HOLD,,,
18645,483,2026-02-18T19:59Z,66177.14,none,,HOLD,,,
18646,484,2026-02-18T23:59Z,66461.0,none,,HOLD,,,
18647,485,2026-02-19T03:59Z,66980.91,none,,HOLD,,,
18648,486,2026-02-19T07:59Z,67206.45,none,,HOLD,,,
18649,487,2026-02-19T11:59Z,66496.02,none,,HOLD,,,
18650,488,2026-02-19T15:59Z,66398.0,none,,HOLD,,,
18651,489,2026-02-19T19:59Z,67050.0,none,,HOLD,,,
18652,490,2026-02-19T23:59Z,67003.73,none,,HOLD,,,
18653,491,2026-02-20T03:59Z,67366.25,none,,HOLD,,,
18654,492,2026-02-20T07:59Z,67825.91,none,,HOLD,,,
18655,493,2026-02-20T11:59Z,67318.41,none,,HOLD,,,
18656,494,2026-02-20T15:59Z,67582.95,none,,HOLD,,,
18657,495,2026-02-20T19:59Z,67646.03,none,,HOLD,,,
18658,496,2026-02-20T23:59Z,68020.01,none,,HOLD,,,
18659,497,2026-02-21T03:59Z,67667.77,none,,HOLD,,,
18660,498,2026-02-21T07:59Z,67856.01,none,,HOLD,,,
