trade_id,entry_price,exit_price,return_pct,pnl,days_held,qty,entry_reason,entry_ts,exit_ts,exit_compressed,exit_tightened,exit_double_compressed,exit_trail_dist_pct,exit_compression_ratio,exit_multiplier,exit_peak_profit,exit_current_profit,trade_noise_ratio,trade_bars,max_high_1d,max_return_1d,close_at_1d,close_return_1d,max_high_2d,max_return_2d,close_at_2d,close_return_2d,max_high_3d,max_return_3d,close_at_3d,close_return_3d,max_high_5d,max_return_5d,close_at_5d,close_return_5d,max_high_7d,max_return_7d,close_at_7d,close_return_7d,max_dd_7d
1,5190.93,5303.65,2.17,88.95,17.33,0.82803939,vdo_trend_accel,2019-04-10 20:00:00,2019-04-28 04:00:00,False,False,False,0.04548943784180478,0.8271265268467605,3.5,0.0726555742419951,0.02474315777712271,0.0,105,5340.0,0.006853770516531138,5301.46,-0.000412923175548839,5340.0,0.006853770516531138,5222.0,-0.015395058120351012,5374.18,0.013298388845417902,5353.4,0.009380332412583786,5700.0,0.07473155279854447,5695.09,0.07380577526797592,5900.0,0.11244143184410743,5755.0,0.08510176953607429,-0.023540391994192576
2,5515.81,7339.9,33.07,3005.78,18.17,1.65448057,vdo_trend_accel,2019-04-29 00:00:00,2019-05-17 04:00:00,False,True,False,0.12086650534147071,1.2787464908340131,2.5,0.508692286355041,0.3232743694942356,0.0125,110,7458.0,0.016090137467812963,7302.99,-0.005028678864834651,7997.0,0.08952438044115048,7907.22,0.07729260616629663,8275.09,0.1274118175996949,7871.41,0.07241379310344831,8275.09,0.1274118175996949,7882.22,0.0738865652120602,8275.09,0.1274118175996949,7852.27,0.06980612814888497,-0.058161555334541294
4,8139.17,8111.2,-0.34,-45.23,10.5,1.25335316,vdo_trend_accel,2019-05-24 12:00:00,2019-06-04 00:00:00,False,False,False,0.10397892130250891,1.1860955765690313,3.5,0.09854567480467909,-0.029885111135410584,0.0,64,8050.0,-0.0075451227931748474,7796.61,-0.038784643455962144,8050.0,-0.0075451227931748474,7851.95,-0.03196197849886576,8050.0,-0.0075451227931748474,7786.7,-0.04000641088864779,8100.0,-0.0013808067856790386,7873.31,-0.029328582700463485,8100.0,-0.0013808067856790386,7932.34,-0.022050991222013965,-0.0821851267383371
5,7882.49,11823.49,50.0,6019.9,21.5,1.53209897,vdo_trend_accel,2019-06-06 04:00:00,2019-06-27 16:00:00,False,True,False,0.20061474468992843,1.6688114744617024,2.5,0.7711103978565149,0.3982903879357919,0.025,130,12400.0,0.04875971477118856,12368.43,0.046089606368339676,12480.0,0.05552590647938978,11900.0,0.0064710165949309565,12480.0,0.05552590647938978,11301.0,-0.04419084382022565,12480.0,0.05552590647938978,10784.0,-0.08791735773447601,12480.0,0.05552590647938978,11805.42,-0.001528313552089925,-0.17731566567908458
6,11436.42,11183.36,-2.21,-323.88,9.0,1.22565403,vdo_trend_accel,2019-07-03 04:00:00,2019-07-12 04:00:00,False,False,False,0.1472442783026694,1.1019207671461708,3.5,0.1341162706511303,0.018793468585448968,0.0,55,11885.0,0.06273964175346224,11464.61,0.025148971328831406,11885.0,0.06273964175346224,11126.8,-0.005057514020831066,11885.0,0.06273964175346224,10322.7,-0.07695898191598945,11885.0,0.06273964175346224,9549.98,-0.14605449525008593,11885.0,0.06273964175346224,10600.29,-0.05213728253405056,-0.189867803593911
7,10539.68,9925.13,-5.83,-669.29,5.33,1.07176091,vdo_trend_accel,2019-07-18 08:00:00,2019-07-23 16:00:00,False,False,False,0.08670899987642153,0.7944769060253647,3.5,0.03405985760478492,-0.03704002398554789,0.0,33,10227.98,0.030513454231833777,9650.99,-0.027620796906438448,10227.98,0.030513454231833777,9857.82,-0.0067817751505521336,10227.98,0.030513454231833777,9839.0,-0.008677971976185623,10227.98,0.030513454231833777,9555.68,-0.0372236937954464,10227.98,0.030513454231833777,9598.52,-0.03290737753560898,-0.07658640239472926
8,9875.97,11388.96,15.32,2515.25,16.33,1.67504937,vdo_trend_accel,2019-07-25 04:00:00,2019-08-10 12:00:00,False,True,False,0.0576229413987042,0.9825275234456529,2.5,0.23382715824369663,0.15572141268148865,0.0,99,11482.86,0.008244826568887894,11378.0,-0.0009623354546858648,11600.0,0.01853022576249288,11399.11,0.000891213947542309,11600.0,0.01853022576249288,10951.09,-0.038446881892639805,11600.0,0.01853022576249288,10094.59,-0.11365129037243077,11600.0,0.01853022576249288,10312.27,-0.09453804386001871,-0.14390778438066332
11,9637.44,10294.56,6.82,1233.69,9.17,1.90732498,vdo_trend_accel,2019-08-31 00:00:00,2019-09-09 04:00:00,False,False,False,0.05552842912483439,0.9321779249316429,3.5,0.12509131055550016,0.05291031643257961,0.0,56,10480.0,0.018013397367153187,10271.14,-0.0022749879548033206,10480.0,0.018013397367153187,10066.0,-0.02220201737616756,10480.0,0.018013397367153187,10079.79,-0.020862474938219664,10480.0,0.018013397367153187,10319.0,0.002374069411417342,10480.0,0.018013397367153187,10302.25,0.0007469964719230846,-0.04026981240577543
14,8240.77,9059.14,9.93,1668.32,36.17,2.0614231,vdo_dip_buy,2019-09-26 00:00:00,2019-11-01 04:00:00,False,False,False,0.06712702997684034,0.7865432856963476,3.5,0.17861923096992138,0.104144394273836,0.02564102564102564,218,9279.0,0.024269411886779606,9213.97,0.017091026300509755,9373.74,0.03472735822605682,9239.61,0.019921317034508924,9373.74,0.03472735822605682,9179.42,0.013277198497870731,9513.68,0.050174740648670946,9389.65,0.03648359557308974,9513.68,0.050174740648670946,9144.4,0.009411489390825202,9.493174848833136e-05
17,9176.51,9740.55,6.15,1022.08,30.5,1.84391707,vdo_trend_accel,2020-01-17 08:00:00,2020-02-16 20:00:00,False,False,False,0.06594151057417445,1.146480341209182,3.5,0.13112065480231586,0.08072349945676517,0.0,184,9964.16,0.02295660922637845,9706.0,-0.003547027631909828,10250.0,0.05230197473448633,10164.71,0.0435457956686224,10250.0,0.05230197473448633,9593.79,-0.015066911006051856,10250.0,0.05230197473448633,9677.05,-0.006519139062989256,10250.0,0.05230197473448633,9936.4,0.020106667487975564,-0.040095271827566135
19,8709.25,8736.49,0.31,35.4,8.5,1.91298554,vdo_trend_accel,2020-02-29 00:00:00,2020-03-08 12:00:00,False,False,False,0.064414930893595,1.1096355190533878,3.5,0.050710451531417705,-0.035412923041593714,0.0,52,8403.0,-0.03817208054951128,7765.32,-0.11116249203055233,8403.0,-0.03817208054951128,7767.28,-0.11093814563972489,8403.0,-0.03817208054951128,7778.76,-0.10962411677916413,8403.0,-0.03817208054951128,5212.37,-0.4033793892055047,8403.0,-0.03817208054951128,5324.48,-0.3905470045750639,-0.5670881555407263
21,9178.31,8617.99,-6.1,-92.11,8.83,0.16189745,vdo_trend,2020-05-01 08:00:00,2020-05-10 04:00:00,False,False,False,0.14775595522711107,1.4155885432800412,3.5,0.08804344154860755,-0.039879890742413236,0.0625,54,8900.0,0.032723407662343565,8664.32,0.005375963536741158,9168.0,0.06382114623015346,8656.05,0.004416343021980704,9168.0,0.06382114623015346,8867.2,0.028917415777925125,9939.0,0.1532851627815767,9674.33,0.12257382521910563,9939.0,0.1532851627815767,9540.99,0.1071015399182408,-0.04850202889536885
23,9167.45,9644.28,5.2,779.66,12.17,1.66885376,vdo_trend_accel,2020-05-23 04:00:00,2020-06-04 08:00:00,False,False,False,0.056835983082337095,0.9337439098982103,3.5,0.11271618607137204,0.049591762158506365,0.03571428571428571,74,9881.63,0.024610442666533793,9696.6,0.005424977292239515,9881.63,0.024610442666533793,9693.85,0.005139834181504447,9881.63,0.024610442666533793,9575.59,-0.007122356464142528,9881.63,0.024610442666533793,9721.24,0.007979859564425661,9992.72,0.03612918745619151,9788.57,0.014961199799259152,-0.028184581949093297
25,9192.87,11065.27,20.37,3076.54,34.17,1.65287317,vdo_trend_accel,2020-06-29 20:00:00,2020-08-03 00:00:00,False,True,False,0.07520313288481063,1.278296379775986,2.5,0.3053594796837113,0.21142472372610494,0.0196078431372549,206,11473.0,0.036847722649334315,11261.43,0.01772753850561259,11473.0,0.036847722649334315,11240.56,0.01584145709955555,11799.0,0.06630927216416767,11646.04,0.05248584083352692,11909.94,0.0763352362843383,11544.34,0.04329492185911412,12067.35,0.09056082680314172,12009.4,0.08532372007190056,-0.005898636002555783
28,10246.21,10413.04,1.63,239.94,15.33,1.53397248,vdo_trend_accel,2020-09-06 08:00:00,2020-09-21 16:00:00,False,False,False,0.05613333423574903,1.1567265904296489,3.5,0.08723127868743671,0.024627642806462114,0.0,93,10533.46,0.01156434624278772,10491.97,0.00757991902460746,10572.71,0.015333658566566367,10293.0,-0.011527853537487694,10743.59,0.03174385193949118,10653.82,0.02312293047947562,10820.94,0.03917203813679767,10718.55,0.02933917472707282,10950.0,0.05156611325799181,10869.0,0.0437874050229327,-0.02652635541590171
29,10729.41,13131.64,22.39,3643.33,33.0,1.52497584,vdo_trend,2020-09-26 08:00:00,2020-10-29 08:00:00,False,True,False,0.04581616602274899,1.1109780266670224,2.5,0.28431945465780506,0.21647509042901703,0.0,199,13669.98,0.04099564106235019,13347.79,0.016460244112692816,14100.0,0.07374250284046781,13940.0,0.06155819075149795,14100.0,0.07374250284046781,13696.58,0.04302128294714145,14100.0,0.07374250284046781,13532.14,0.03049885619770265,14740.0,0.12247975119634719,14717.6,0.12077394750389145,-0.01605816181375662
30,13905.98,17601.24,26.57,5209.41,26.0,1.4165015,vdo_trend,2020-10-31 08:00:00,2020-11-26 08:00:00,False,True,False,0.10265686723494255,1.4081706752428569,2.5,0.3921039725355567,0.2296867966155568,0.015748031496062992,157,17457.62,-0.008159652388127348,16789.37,-0.04612572750556225,17457.62,-0.008159652388127348,17160.29,-0.02505221223050198,18250.0,0.03685876676870484,18090.44,0.02779349636730123,19888.0,0.12992039197238367,19425.0,0.10361542709490912,19888.0,0.12992039197238367,19396.5,0.10199622299337992,-0.08029207033140855
31,18048.93,18314.03,1.47,332.59,10.5,1.34766607,vdo_trend_accel,2020-11-28 12:00:00,2020-12-09 00:00:00,False,False,False,0.062160245279291364,0.9270105873914235,3.5,0.091248622494519,0.013911073952860259,0.0,64,18639.57,0.017775443198465926,18409.77,0.005227686096397221,18639.57,0.017775443198465926,17990.88,-0.017644942156368523,18639.57,0.017775443198465926,18282.02,-0.0017478403169590964,19411.0,0.05989779420477095,19260.68,0.05168987928926629,19570.0,0.06857966269575845,19346.52,0.05637699621546987,-0.04049900540732963
32,18464.89,34353.35,86.05,21122.39,30.17,1.33229732,vdo_trend_accel,2020-12-12 04:00:00,2021-01-11 08:00:00,False,True,False,0.18299827045524042,1.3139649939758455,2.5,1.2359553726017323,0.8520857692626383,0.012121212121212121,182,36628.0,0.06621333872824635,35410.99,0.030787099365855133,36628.0,0.06621333872824635,34385.48,0.0009352799654183554,38786.1,0.12903399522899514,38365.86,0.11680112710987435,40100.0,0.16728062910895158,37680.0,0.0968362619657181,40100.0,0.16728062910895158,36442.08,0.06080134834011831,-0.11449683946398237
33,36441.45,35043.21,-3.84,-1168.01,6.5,0.81491878,vdo_trend,2021-01-13 16:00:00,2021-01-20 04:00:00,False,False,False,0.11867881332886697,0.8224090966647957,3.5,0.09427533756203461,-0.02097364402349516,0.0,40,35939.12,0.025565865684108378,34624.27,-0.011954955039792369,35939.12,0.025565865684108378,30842.45,-0.11987372161397311,35939.12,0.025565865684108378,32931.18,-0.0602693075206295,35939.12,0.025565865684108378,33346.95,-0.048404812230386486,35939.12,0.025565865684108378,31743.33,-0.09416603102284286,-0.17673067050649752
34,35271.67,37900.27,7.45,2177.26,15.5,0.84041801,vdo_trend,2021-01-23 04:00:00,2021-02-07 16:00:00,False,False,False,0.10624172187218289,1.0193466306984045,3.5,0.158570887060352,0.07876944868218606,0.0,94,44918.0,0.18516306084362996,43051.95,0.13592726384271142,48142.19,0.270233431054713,47060.18,0.24168455792003604,48142.19,0.270233431054713,45190.05,0.19234110997098455,48985.8,0.29249211153377025,47272.95,0.24729850209510384,49707.43,0.31153234528408386,48693.39,0.2847768630672025,-0.006313939188295905
35,47566.65,51872.19,9.05,3488.83,14.5,0.82019393,vdo_trend_accel,2021-02-08 16:00:00,2021-02-23 04:00:00,False,True,False,0.13242964870023335,1.4087502116067412,2.5,0.22086840254674234,0.04359525003337423,0.02702702702702703,88,51357.0,-0.00993191149245872,50090.57,-0.03434634242356073,51374.99,-0.0095850975252829,50395.99,-0.028458409024180478,52041.73,0.003268418009727387,44973.68,-0.13299052922192028,52041.73,0.003268418009727387,44400.83,-0.1440340189993906,52041.73,0.003268418009727387,48331.61,-0.06825584190680982,-0.17103943365414112
36,51672.03,54242.81,4.98,2315.35,14.17,0.92005257,vdo_trend_accel,2021-03-02 00:00:00,2021-03-16 04:00:00,False,False,False,0.12475705512024794,1.1779394327389665,3.5,0.18741822219874077,0.06904663896502612,0.0,86,57189.43,0.05432277568215958,55821.01,0.029095100346018293,59561.54,0.09805410154820525,58355.15,0.07581355021983566,60129.97,0.10853346277598826,57834.04,0.0662065626762331,60129.97,0.10853346277598826,56972.68,0.050326854379409966,60129.97,0.10853346277598826,54161.34,-0.0015019502123876172,-0.022911976720969982
37,58198.75,60231.51,3.49,1670.94,28.0,0.84710631,vdo_trend_accel,2021-03-20 16:00:00,2021-04-17 16:00:00,False,False,False,0.06881193568714383,1.0282690444945697,3.5,0.10846384157735345,0.04306398333297531,0.0,169,60955.0,0.012011819062812769,55720.66,-0.07489186307964052,60955.0,0.012011819062812769,55930.94,-0.07140066719230515,60955.0,0.012011819062812769,56572.44,-0.06075009575552729,60955.0,0.012011819062812769,52923.54,-0.12133134301298441,60955.0,0.012011819062812769,50667.75,-0.15878333450381704,-0.2113762381185529
38,51475.14,53175.79,3.3,1623.76,9.83,0.98560253,vdo_trend,2021-04-25 04:00:00,2021-05-05 00:00:00,False,False,False,0.10593705159516749,1.1827370977135352,3.5,0.14206333387339992,0.06449812472583859,0.0,60,58069.82,0.09203492792490715,56797.09,0.06810053973810254,58360.0,0.09749192254595558,55705.67,0.04757578589805619,58650.0,0.10294553216792827,58099.98,0.09260210332559238,59500.0,0.11893025002543449,59356.76,0.11623654298318842,59500.0,0.11893025002543449,57756.94,0.08615104730931128,0.004216392459801709
41,42549.14,44022.75,3.46,649.13,19.17,0.45406897,vdo_trend_accel,2021-07-31 00:00:00,2021-08-19 04:00:00,False,False,False,0.07757038061273341,1.005854860583329,3.5,0.1234069595766213,0.04961016838413192,0.0,116,47390.0,0.07648886087307132,46833.48,0.06384721536023995,49382.99,0.12176068055721186,48944.23,0.11179401559420989,49757.04,0.13025742371841834,49195.01,0.11749061564759135,50500.0,0.14713415222810933,49770.13,0.1305547699768869,50500.0,0.14713415222810933,46891.75,0.06517084916321675,0.0022919967516795625
42,47462.88,46810.14,-1.38,-632.71,6.67,0.90447005,vdo_trend_accel,2021-08-19 20:00:00,2021-08-26 12:00:00,False,False,False,0.07374024817119754,1.0651863133565118,3.5,0.061773958933802615,-0.01396628270345157,0.0,41,48451.51,0.035064411257902724,48184.67,0.029363936958958014,49299.0,0.05316924922677011,48811.12,0.04274672111640775,49632.27,0.06028886049048342,48474.95,0.035565157463746055,49632.27,0.06028886049048342,47397.13,0.012539804409899179,50450.13,0.07776071594744212,49540.7,0.05833266040221195,-0.009872647251215215
43,48660.64,46424.86,-4.59,-2330.96,11.5,1.02136052,vdo_trend_accel,2021-08-27 16:00:00,2021-09-08 04:00:00,False,False,False,0.1305707544151,1.4545644740238795,3.5,0.08226895495003769,-0.07357774168198356,0.06666666666666667,70,46900.0,0.010234602753783198,46275.0,-0.00322801188845805,47399.97,0.02100404826207339,46160.55,-0.005693285881745204,47399.97,0.02100404826207339,45043.97,-0.02974462389331921,47399.97,0.02100404826207339,44470.63,-0.04209447265969145,47470.0,0.022512507307507215,47172.84,0.016111626400165686,-0.06580224474559537
44,45068.75,44805.36,-0.58,-104.5,9.0,0.33907451,vdo_trend,2021-09-11 08:00:00,2021-09-20 08:00:00,False,False,False,0.08994173404416046,1.212774003061502,3.5,0.07884088198585498,-0.029488281791707115,0.0,55,44250.0,-0.012394945604722304,43288.97,-0.0338439418855244,44250.0,-0.012394945604722304,41928.32,-0.06421196035474329,44386.6,-0.009346203222114543,43648.15,-0.02582749028241262,45200.0,0.008807874772125465,42485.03,-0.051786884426327603,45200.0,0.008807874772125465,43747.69,-0.023605881082084782,-0.11617717165981928
45,43662.0,62158.95,42.36,20188.79,29.33,1.09514603,vdo_trend_accel,2021-09-22 16:00:00,2021-10-22 00:00:00,False,True,False,0.06376663599387737,1.1547347323287955,2.5,0.5316712473088727,0.4483509688058266,0.008,177,63732.39,0.02531316890005385,61236.52,-0.014839858137886826,63732.39,0.02531316890005385,61227.76,-0.014980787159371178,63732.39,0.02531316890005385,62084.26,-0.0012015968738209872,63732.39,0.02531316890005385,60714.34,-0.02324057919253785,63732.39,0.02531316890005385,61642.99,-0.00830065501428192,-0.06980410705135781
46,62611.83,63718.13,1.77,1108.24,18.33,1.06296789,vdo_trend_accel,2021-10-25 04:00:00,2021-11-12 12:00:00,False,False,False,0.07025762397626957,1.03005320191932,3.5,0.0938827374954541,0.008690210779656185,0.0,111,64890.0,0.018391468801736692,64688.99,0.015236793672381795,65320.0,0.025139940547533372,64070.41,0.005528724713044876,66401.82,0.0421181538127376,64288.16,0.008946119416875639,66401.82,0.0421181538127376,59664.49,-0.06361831397123549,66401.82,0.0421181538127376,57887.98,-0.09149907569478255,-0.12740690914814978
49,48787.83,47663.23,-2.31,-911.52,13.83,0.77757134,vdo_trend_accel,2021-12-15 00:00:00,2021-12-28 20:00:00,False,False,False,0.07019590308611878,1.0960900470997486,3.5,0.054577955199073165,-0.02550000686646657,0.0,84,48139.08,0.009983586928540062,46464.66,-0.02514663819468382,48139.08,0.009983586928540062,47120.87,-0.011379002220369886,48548.26,0.01856840167986934,46216.93,-0.0303441457912106,48548.26,0.01856840167986934,47286.18,-0.00791071020574986,48548.26,0.01856840167986934,45832.01,-0.03841997279664012,-0.04538571976762806
51,28437.6,29821.89,4.87,2545.58,18.0,1.8793877,vdo_trend_accel,2023-03-30 08:00:00,2023-04-17 08:00:00,False,False,False,0.03513218057403795,0.9741556332647301,3.5,0.08313957577292039,0.03984900272878171,0.0,109,30381.68,0.01877111075119655,30380.59,0.01873456041853822,30485.0,0.02223567989822243,29310.65,-0.017143111989213224,30485.0,0.02223567989822243,28607.13,-0.04073383678901634,30485.0,0.02223567989822243,27286.65,-0.08501272052173749,30485.0,0.02223567989822243,27550.84,-0.07615379172815671,-0.0904332354522131
53,27670.08,28155.15,1.75,773.64,9.0,1.69317855,vdo_dip_buy,2023-04-22 16:00:00,2023-05-01 16:00:00,False,False,False,0.05743927465202096,1.0097820768467929,3.5,0.07769945009194035,0.006262359920896464,0.0,55,28879.88,0.02574058387186712,28686.14,0.018859427138551845,28879.88,0.02574058387186712,28322.98,0.005960898805369466,29379.83,0.043497548405886675,28895.12,0.026281870279504727,29820.0,0.05913127793671845,28842.82,0.02442430603282164,29820.0,0.05913127793671845,27340.72,-0.02892650190107317,-0.030749614191364707
55,27297.37,30176.76,10.55,5268.14,22.33,1.84898171,vdo_trend_accel,2023-06-16 00:00:00,2023-07-08 08:00:00,False,False,False,0.03258682260207846,0.853768300743866,3.5,0.14501287120334308,0.10639633048898119,0.0,135,30402.98,0.007496497304548307,30266.69,0.002980107871090213,30445.52,0.008906191387014446,30240.0,0.0020956524159651867,31045.78,0.028797657535136325,30404.31,0.007540570955927771,31045.78,0.028797657535136325,30543.99,0.012169298493277716,31804.2,0.053930243008195794,30311.99,0.004481263064689623,-0.00917129605696564
58,26265.53,26148.4,-0.45,-283.03,13.5,1.9754353,vdo_dip_buy,2023-08-18 08:00:00,2023-08-31 20:00:00,False,False,False,0.05718461652245991,1.3556788357326228,3.5,0.059614254880826806,-0.0123641137262412,0.0,82,26156.0,0.00029064875862379894,25805.05,-0.013130822535986988,26156.0,0.00029064875862379894,25869.51,-0.01066566214376417,26156.0,0.00029064875862379894,25971.21,-0.006776322834284404,26156.0,0.00029064875862379894,25792.1,-0.01362607272337898,26443.14,0.011271817778525567,26255.0,0.0040767312722766414,-0.03115486989643731
59,28542.38,33952.19,18.95,8449.24,27.0,1.57170231,vdo_trend_accel,2023-10-02 04:00:00,2023-10-29 04:00:00,True,True,True,0.021944122996165633,0.6312709021182185,2.5,0.2206340186067175,0.19389518323279276,0.021739130434782608,163,34750.11,0.023501282244238093,34193.46,0.007106168998229474,34856.0,0.026620079588385834,34145.21,0.005685053011307865,34856.0,0.026620079588385834,34451.28,0.014699788143268416,35984.99,0.059872426491486865,34464.97,0.015103002192200232,35984.99,0.059872426491486865,35162.46,0.03564630146096604,0.002144486114150447
60,35113.1,35362.54,0.71,356.83,14.17,1.66681827,vdo_trend,2023-11-01 00:00:00,2023-11-15 04:00:00,False,False,False,0.05020305174467318,1.0907872050918084,3.5,0.06232802002671364,0.013208175865987305,0.0,86,37980.0,0.07401787315051461,37437.25,0.058669710942709404,37980.0,0.07401787315051461,36239.76,0.024806476005400098,37980.0,0.07401787315051461,36417.16,0.029823083975302752,37980.0,0.07401787315051461,37244.47,0.053218179463353034,37980.0,0.07401787315051461,36439.81,0.030463592264582715,0.0038871642138828015
61,37580.42,40757.56,8.45,4805.37,26.0,1.53213217,vdo_trend_accel,2023-11-15 20:00:00,2023-12-11 20:00:00,False,False,False,0.07144636562915999,1.3175924844859126,3.5,0.175618047908991,0.09773653407811843,0.018867924528301886,157,42104.12,0.03303828786610398,41492.39,0.01802929321578627,43475.2,0.06667818191275433,42869.03,0.05180560367205498,43475.2,0.06667818191275433,43022.26,0.05556515159396207,43475.2,0.06667818191275433,42278.03,0.03730522631874924,43475.2,0.06667818191275433,42657.8,0.0466230068728355,-0.005266016905820598
62,42344.93,42586.51,0.57,304.35,30.5,1.52947569,vdo_trend_accel,2023-12-13 16:00:00,2024-01-13 04:00:00,False,False,False,0.09684611909004853,1.1373358374056453,3.5,0.1113491036589268,0.017901552795104417,0.0,184,43257.0,0.01574418753732104,43011.44,0.00997804234251645,43257.0,0.01574418753732104,42714.78,0.003011986659625238,43400.43,0.019112155468950103,42791.13,0.004804807907480451,43578.01,0.023282020527157544,42915.33,0.007721224397115417,43578.01,0.023282020527157544,41650.95,-0.021968459026109558,-0.05416057807977225
64,39699.98,50716.24,27.75,16711.83,31.33,1.52403029,vdo_dip_buy,2024-01-23 16:00:00,2024-02-24 00:00:00,False,True,False,0.028241454159899947,0.8929386342124263,2.5,0.319749783249261,0.280856312773961,0.005847953216374269,189,51898.72,0.023315608570351493,51624.99,0.01791832359812163,51958.55,0.024495309589196775,51555.59,0.016549925625401224,57073.84,0.1253562961292083,55667.6,0.09762868856208584,64000.0,0.2619232025087034,61561.33,0.21383860475461122,64000.0,0.2619232025087034,62307.45,0.2285502631898579,0.0021734655408209127
65,54353.7,61377.21,12.92,9347.01,9.67,1.34255052,vdo_trend_accel,2024-02-25 04:00:00,2024-03-05 20:00:00,False,True,False,0.1028764801365699,1.631868691875425,2.5,0.2555853603342553,0.172395071540668,0.022727272727272728,59,67641.1,0.10205563270145396,66074.04,0.07652400622315668,67980.0,0.10757722613980011,66823.17,0.08872935084537077,69990.0,0.14032553776882334,68124.19,0.10992646945014287,69990.0,0.14032553776882334,68955.88,0.12347693875299978,73000.0,0.18936654175059442,71452.01,0.16414561691546414,0.022841214190087826
66,67328.89,66418.95,-1.35,-1237.68,14.33,1.26765662,vdo_trend,2024-03-19 00:00:00,2024-04-02 08:00:00,False,False,False,0.07136225466344513,1.1761622813100931,3.5,0.05883804114400223,-0.025341276233723696,0.0,87,66642.36,0.0033636484768278254,66059.76,-0.005407944570036147,66903.63,0.007297314998204693,66353.67,-0.0009828520324395198,69309.91,0.04352613222581818,66478.0,0.0008890535005446926,69777.0,0.05055861316687486,69357.0,0.04423511663463519,72797.99,0.09604246980718618,70794.85,0.0658833058938753,-0.028995941670261236
68,63166.89,63468.3,0.48,289.63,9.67,1.21723343,vdo_trend_accel,2024-04-17 00:00:00,2024-04-26 16:00:00,False,False,False,0.050601308131796315,0.8815510260541769,3.5,0.05782190638165038,0.009105403162954571,0.0,59,64107.32,0.010068333325455333,63352.11,-0.0018306776768875538,64370.0,0.014207092359492803,63730.49,0.004131038644488588,64370.0,0.014207092359492803,62987.37,-0.0075774835626604186,64734.0,0.01994223888145731,56954.47,-0.10263123480540681,64734.0,0.01994223888145731,62067.32,-0.022073696632807293,-0.10895959085086575
69,62415.05,67163.03,7.61,5901.81,23.67,1.26085238,vdo_trend_accel,2024-04-30 04:00:00,2024-05-23 20:00:00,False,False,False,0.06461945600187817,1.2194703040600705,3.5,0.1447017986847722,0.08899456140786542,0.0,143,69250.0,0.031073196072303487,68549.99,0.02065064664295233,69610.0,0.03643328777751691,69290.57,0.03167724862919389,69610.0,0.03643328777751691,68507.67,0.020020538084717134,70687.56,0.05247723338271068,68398.39,0.018393452469312368,70687.56,0.05247723338271068,68352.17,0.01770527625093745,-0.008381247838282513
75,66197.79,65894.77,-0.46,-360.04,14.17,0.97595464,vdo_trend,2024-07-16 16:00:00,2024-07-30 20:00:00,False,False,False,0.055169190217385984,1.0369881971914894,3.5,0.05109264221660574,-0.00014789013349227517,0.0,86,66849.24,0.014484761081949312,64628.0,-0.01922413569392539,66849.24,0.014484761081949312,65354.02,-0.008206265838700207,66849.24,0.014484761081949312,61498.33,-0.06671910380747975,66849.24,0.014484761081949312,58161.0,-0.11736546011162956,66849.24,0.014484761081949312,56022.01,-0.14982615464019378,-0.25639015053850256
76,57011.85,58395.22,2.43,1480.51,12.83,1.11738311,vdo_trend_accel,2024-08-06 04:00:00,2024-08-19 00:00:00,False,False,False,0.046813199040219994,0.7621541448671284,3.5,0.08198541180473883,0.03025686765119883,0.0,78,60910.55,0.04307424477551419,60619.18,0.038084624049708166,61400.0,0.05145592396089952,59320.0,0.0158365701850254,61820.93,0.058664219434398895,60548.9,0.036881100884627205,64955.0,0.11233419447687668,63832.01,0.0931033396226609,65000.0,0.11310480549606626,64114.99,0.09794928420511126,-0.010410441128571795
77,60715.84,61675.19,1.58,847.06,7.5,0.94361113,vdo_trend_accel,2024-08-20 04:00:00,2024-08-27 16:00:00,False,False,False,0.040559752784814246,0.884940249476773,3.5,0.059278764816561934,0.022830450834576375,0.0,46,62102.01,0.006920448887145702,58898.85,-0.0450155078565628,62102.01,0.006920448887145702,59258.0,-0.03919225866997738,62102.01,0.006920448887145702,58700.02,-0.048239332541983336,62102.01,0.006920448887145702,58514.0,-0.051255456205323444,62102.01,0.006920448887145702,58046.0,-0.05884359659046048,-0.07372802580746005
78,60832.03,63526.47,4.43,2848.09,30.67,1.08254917,vdo_trend,2024-08-31 00:00:00,2024-09-30 16:00:00,False,False,False,0.03667533850275866,0.97831487032084,3.5,0.08600288367822011,0.043660716237810926,0.0,185,64130.63,0.009510366308721329,61755.99,-0.027869957200518197,64130.63,0.009510366308721329,60190.01,-0.0525207838559265,64130.63,0.009510366308721329,61036.0,-0.03920365793975332,64130.63,0.009510366308721329,61848.48,-0.02641402867182763,64478.19,0.014981471503138789,63382.0,-0.002274170121525738,-0.05821762172524304
79,62433.8,66377.48,6.32,4364.57,19.17,1.12567232,vdo_trend_accel,2024-10-04 08:00:00,2024-10-23 12:00:00,False,False,False,0.03955464659289846,1.0330895297483111,3.5,0.105682979411793,0.060698531884972554,0.0,116,67998.0,0.024413701755474963,67701.22,0.019942607040821757,68850.0,0.03724938036213493,67690.01,0.01977372446197112,68850.0,0.03724938036213493,66886.49,0.007668414046450835,69280.0,0.04372748106737412,68494.2,0.031889128662311396,73620.12,0.10911290998091522,72061.34,0.08562934296390885,-0.01683522785137363
80,67690.14,69235.6,2.28,1587.55,7.5,1.07540987,vdo_trend_accel,2024-10-24 20:00:00,2024-11-01 08:00:00,False,False,False,0.04813769329840541,1.1175958558985575,3.5,0.07454970546670459,0.034153718695219056,0.0,46,71632.95,0.034625972765455794,69608.0,0.005378735794880006,71632.95,0.034625972765455794,68358.86,-0.012663138616549942,71632.95,0.034625972765455794,68792.71,-0.006396853641768099,75407.1,0.08913766906042556,74272.01,0.072743068594769,76849.99,0.10997795931572774,75934.46,0.0967545597929389,-0.03467291393444999
81,70374.63,95848.78,36.2,26451.6,20.5,1.04229194,vdo_trend_accel,2024-11-04 04:00:00,2024-11-24 16:00:00,False,True,False,0.0278178484227488,0.8008676426166117,2.5,0.4092251710595138,0.3686753308685246,0.0,124,98871.8,0.031539472907219104,94669.48,-0.01230375597894937,98871.8,0.031539472907219104,91683.89,-0.043452717916701696,98871.8,0.031539472907219104,96627.99,0.00812957661015619,98871.8,0.031539472907219104,97329.73,0.015450900887835996,98871.8,0.031539472907219104,97178.73,0.013875502640722157,-0.052767286135514645
82,96196.79,97016.95,0.85,730.34,12.17,1.00994985,vdo_trend_accel,2024-11-27 16:00:00,2024-12-09 20:00:00,False,False,False,0.0676858092372831,1.0832393981471944,3.5,0.07034756565161901,0.011223659334162892,0.0,74,98270.0,0.012915784303670678,96593.0,-0.004369854958334571,101888.0,0.050208236808104184,101125.0,0.04234363170559374,102540.0,0.056928711941573125,100004.29,0.03079193893438205,102650.0,0.058062534433416045,101420.0,0.04538433747917248,107793.07,0.11107461118907583,106058.66,0.09319721966110052,-0.028452863133710177
83,101528.53,100148.91,-1.36,-1472.19,7.33,0.99487472,vdo_trend_accel,2024-12-11 16:00:00,2024-12-19 00:00:00,False,False,False,0.06659802844364068,1.1790947631379474,3.5,0.05257596066839544,-0.0033033079470371988,0.0,45,102800.11,0.026472579681596105,97106.02,-0.030383655698299657,102800.11,0.026472579681596105,97487.46,-0.026574927275793584,102800.11,0.026472579681596105,96994.37,-0.03149849559021669,102800.11,0.026472579681596105,94348.75,-0.05791535824004478,102800.11,0.026472579681596105,98995.17,-0.01152024520286846,-0.07904599261240097
84,95897.94,96398.95,0.52,423.35,16.83,1.04631011,vdo_trend,2024-12-22 00:00:00,2025-01-07 20:00:00,False,False,False,0.05394159793695258,1.2026476029228927,3.5,0.06608755099431754,0.01101869341510358,0.0,102,97268.65,0.009021882499757489,95060.61,-0.013883346239767098,97268.65,0.009021882499757489,92552.49,-0.03990147195586666,97268.65,0.009021882499757489,94726.11,-0.017353301047366144,97268.65,0.009021882499757489,94545.06,-0.019231433537398483,97371.0,0.010083616055984042,96560.86,0.001679582609561655,-0.07409064102876634
85,96020.77,101888.44,6.11,5964.0,12.67,1.03437888,vdo_trend_accel,2025-01-10 20:00:00,2025-01-23 12:00:00,False,False,False,0.07288024215102472,1.0250797959619737,3.5,0.12724767776804954,0.09625782005289063,0.0,77,106850.0,0.04869600516015357,105859.98,0.038979299319922785,107120.0,0.051345962309365,104897.79,0.029535735359182958,107120.0,0.051345962309365,104967.01,0.030215105854991913,107120.0,0.051345962309365,102777.99,0.008730627341040877,107120.0,0.051345962309365,105564.0,0.0360743574050206,-0.040344812424255375
89,85177.75,83140.65,-2.39,-2129.09,4.5,1.00417569,vdo_dip_buy,2025-02-27 20:00:00,2025-03-04 08:00:00,False,False,False,0.1081774401393634,1.1789209758879262,3.5,0.10674442562758467,-0.014555561751748523,0.0,28,90660.0,0.09044131841644258,89814.26,0.08026891779171802,92810.64,0.11630880922869867,91350.0,0.09874050780214018,92810.64,0.11630880922869867,88966.96,0.07007775378229558,92810.64,0.11630880922869867,85024.01,0.022652697567315156,92810.64,0.11630880922869867,81720.34,-0.01708321982086979,-0.07859753321630267
91,82527.43,82979.31,0.55,264.24,7.67,0.71628734,vdo_dip_buy,2025-03-29 16:00:00,2025-04-06 08:00:00,False,False,False,0.03906233392467863,0.7905328370179505,3.5,0.052983474706531045,0.003981221758632399,0.0,47,82981.14,2.20536902512415e-05,76685.62,-0.07584649715694192,82981.14,2.20536902512415e-05,79982.0,-0.0361211728562216,82981.14,2.20536902512415e-05,76230.01,-0.08133714295768431,83588.0,0.007335443015855427,82129.67,-0.010239178898932751,86100.0,0.03760804952463454,84528.66,0.018671521852857125,-0.10208942446014552
92,88220.91,94225.76,6.81,5499.29,13.83,0.93040633,vdo_trend_accel,2025-04-21 04:00:00,2025-05-05 00:00:00,False,False,False,0.03095974877221311,0.9336165645442447,3.5,0.10325533935208783,0.06586375044193035,0.0,84,95199.0,0.010328810295613486,94454.01,0.0024223736693659995,97732.0,0.037211055660363,96506.9,0.024209303273329923,99222.22,0.053026475987033764,99152.79,0.05228962865356564,104361.3,0.10756655080309258,103226.24,0.09552037574438255,105086.42,0.11526211091319406,104100.13,0.10479480345926645,-0.009007727823049608
93,96401.99,107201.01,11.2,9827.89,18.67,0.91919767,vdo_trend_accel,2025-05-06 20:00:00,2025-05-25 12:00:00,False,False,False,0.04072955543765978,0.8934076954413733,3.5,0.15952834583601427,0.10960333910119485,0.0,113,110420.74,0.030034511801707936,110009.82,0.0262013389612655,110718.0,0.03280743343742755,110140.11,0.02741671930143201,110718.0,0.03280743343742755,107107.31,-0.000874058929108943,110718.0,0.03280743343742755,105543.0,-0.015466365475474484,110718.0,0.03280743343742755,104715.1,-0.02318924047450662,-0.0385487039720987
94,105156.84,116714.91,10.99,10843.47,42.67,0.94774376,vdo_trend,2025-06-02 16:00:00,2025-07-15 08:00:00,False,False,False,0.045754488412408215,1.2289917940146042,3.5,0.16717124630219013,0.11370767702795177,0.0,257,119310.75,0.02224086022942567,118769.06,0.017599722263419423,120063.84,0.02869324921725933,117995.0,0.010967664713959822,120998.71,0.03670310845460963,119171.34,0.021046411293981146,120998.71,0.03670310845460963,117878.46,0.009969163322835128,120998.71,0.03670310845460963,119154.99,0.02090632636395814,-0.008379306465643551
96,116023.6,117210.74,1.02,968.23,11.83,0.9049469,vdo_trend_accel,2025-08-03 20:00:00,2025-08-15 16:00:00,False,False,False,0.0412150220652424,1.0821103151534,3.5,0.06303493427199289,0.007866244453714574,0.0,72,117898.99,0.005871902182342676,117672.12,0.003936328701618897,118575.0,0.01163937707414862,117570.07,0.0030656746984107576,118575.0,0.01163937707414862,116313.99,-0.007650749410847504,118575.0,0.01163937707414862,114276.66,-0.02503251835113405,118575.0,0.01163937707414862,116655.79,-0.0047346343858934055,-0.04714542370434664
99,111302.28,115605.81,3.87,3609.67,18.83,0.86192278,vdo_trend_accel,2025-09-02 08:00:00,2025-09-21 04:00:00,True,False,False,0.015402009537247503,0.6940197103252386,3.5,0.05643442344577307,0.0405534370005718,0.0,114,115819.06,0.0018446304731570152,112519.99,-0.026692603079378038,115819.06,0.0018446304731570152,113090.13,-0.021760844026783716,115819.06,0.0018446304731570152,112583.54,-0.026142890223250927,115819.06,0.0018446304731570152,109320.02,-0.05437261327955743,115819.06,0.0018446304731570152,109513.06,-0.05270280100974164,-0.06042723977281065
100,110689.74,118953.54,7.47,7326.5,16.17,0.89952704,vdo_trend_accel,2025-09-24 12:00:00,2025-10-10 16:00:00,False,False,False,0.058339792378465836,1.3042905818030845,3.5,0.1329939884220524,0.05395043840558298,0.0,98,117214.64,-0.014618312325971924,111178.31,-0.06536358648931336,117214.64,-0.014618312325971924,114342.28,-0.03876521875683561,117214.64,-0.014618312325971924,115792.84,-0.026570878008338357,117214.64,-0.014618312325971924,111271.73,-0.06457823785656146,117214.64,-0.014618312325971924,106454.72,-0.10507312350687498,-0.14252236629527792
102,109358.53,109960.8,0.55,456.11,10.83,0.92647451,vdo_trend_accel,2025-10-19 04:00:00,2025-10-30 00:00:00,False,False,False,0.04863465723726138,1.141008699830809,3.5,0.05665831462804051,0.012737369458056928,0.0,66,111592.0,0.014834377341743577,109227.86,-0.006665466238877876,111592.0,0.014834377341743577,110226.37,0.002415133392990888,111592.0,0.014834377341743577,110053.23,0.0008405722766658028,111592.0,0.014834377341743577,107158.79,-0.025481899004008785,111592.0,0.014834377341743577,103636.03,-0.057518406559428484,-0.10018515689227436
